Empoyee_No,Empoyee_Name,FirstName,LastName,JobGrade,Contract_Type,Birthday,Status,Sex,Age,Update_DT,Create_DT


,
,,
,,,
,,,,
,,,,,
,,,,,,
,,,,,,,
,,,,,,,,
,,,,,,,,,
,,,,,,,,,,
,,,,,,,,,,,
Test,,,,,,,,,,,
Test,Test,,,,,,,,,,
Test,Test,Test,,,,,,,,,
Test,Test,Test,Test,,,,,,,,
Test,Test,Test,Test,Test,,,,,,,
Test,Test,Test,Test,Test,Test,,,,,,
Test,Test,Test,Test,Test,Test,Test,,,,,
Test,Test,Test,Test,Test,Test,Test,Test,,,,
Test,Test,Test,Test,Test,Test,Test,Test,Test,,,
Test,Test,Test,Test,Test,Test,Test,Test,Test,Test,,
Test,Test,Test,Test,Test,Test,Test,Test,Test,Test,Test,
Test,Test,Test,Test,Test,Test,Test,Test,Test,Test,Test,Test
AB0001,Tuyet Bogisich,Tuyet,Bogisich,15,P,1961-11-07,Single,Female,42,2019-03-16,2018-09-02
AB0002,Larry Smitham,Larry,Smitham,15,C,1983-10-08,
Single,Female,37,2019-03-12,2018-11-28
AB0003,Charlie Lang,Charlie,Lang,12,P,1970-12-07,Single,Male,32,2019-12-09,2018-12-18
AB0004,Jonas Senger,Jonas,Senger,11,C,1993-02-18,Marry,Female,44,2019-03-05,2018-11-08
AB0005,Don Wisoky,Don,Wisoky,13,C,1969-08-14,Single,Male,48,2019-10-16,2018-03-09
AB0006,Diego Lind,Diego,Lind,18,C,1985-06-10,Single,Male,43,2019-10-29,2018-08-01
AB0007,Marcus McCullough,Marcus,McCullough,15,P,1981-06-21,Single,Male,43,2019-06-27,2018-11-26
AB0008,Bebe Watsica,Bebe,Watsica,14,C,1991-12-22,Single,Female,49,2019-05-03,2018-03-06
AB0009,Darwin Nolan,Darwin,Nolan,14,C,1989-09-28,Marry,Female,28,2019-02-18,2018-04-04
AB0010,Sixta Wiza,Sixta,Wiza,10,C,1969-11-22,Single,Male,37,2019-07-29,2018-04-05
AB0011,Jarrod McGlynn,Jarrod,McGlynn,18,C,1986-10-20,Single,Female,42,2019-01-30,2018-05-30
AB0012,Jarrod Fahey,Jarrod,Fahey,17,C,1981-02-24,Single,Female,27,2019-02-01,2018-11-01
AB0013,Jarred Weimann,Jarred,Weimann,17,C,1994-02-09,Marry,Male,34,2019-12-27,2018-10-29
AB0014,Shaun Conn,Shaun,Conn,17,P,1961-03-14,Marry,Male,45,2019-05-03,2018-03-10
AB0015,Stanley Hilll,Stanley,Hilll,19,P,1964-11-13,Single,Female,29,2019-12-21,2018-01-13
AB0016,Dick Prohaska,Dick,Prohaska,10,P,1959-11-01,Single,Male,35,2019-06-11,2018-02-01
AB0017,Jefferey Lang,Jefferey,Lang,15,P,1969-05-29,Marry,Female,40,2019-08-25,2018-03-01
AB0018,Keith Little,Keith,Little,16,C,1992-05-24,Single,Female,41,2019-02-28,2018-10-05
AB0019,Waltraud Fahey,Waltraud,Fahey,16,P,1980-03-18,Single,Female,39,2019-10-26,2018-10-30
AB0020,Damon Stroman,Damon,Stroman,11,C,1996-09-29,Single,Male,36,2019-06-07,2018-04-12
AB0021,Chau Walker,Chau,Walker,16,P,1976-02-15,Single,Female,29,2019-05-21,2018-02-17
AB0022,Grover Trantow,Grover,Trantow,19,C,1987-12-03,Single,Male,29,2019-12-30,2018-09-14
AB0023,Tiara Jenkins,Tiara,Jenkins,14,C,1962-09-24,Single,Male,50,2019-10-27,2018-05-23
AB0024,Carol Medhurst,Carol,Medhurst,13,C,1963-05-23,Single,Male,31,2019-03-17,2018-08-06
AB0025,Charisse Effertz,Charisse,Effertz,15,P,1988-12-31,Single,Female,35,2019-06-05,2018-08-03
AB0026,Daniela Shields,Daniela,Shields,14,C,1974-08-11,Marry,Female,45,2019-04-03,2018-12-29
AB0027,Ricardo Powlowski,Ricardo,Powlowski,16,P,1982-08-29,Single,Male,31,2019-03-25,2018-02-23
AB0028,Damion Von,Damion,Von,12,P,1962-01-19,Marry,Male,32,2019-07-07,2018-01-23
AB0029,Darlena Schumm,Darlena,Schumm,12,P,1988-09-12,Marry,Male,49,2019-07-25,2018-03-22
AB0030,Iesha Herman,Iesha,Herman,17,P,1965-02-07,Marry,Male,35,2019-07-18,2018-08-26
AB0031,Lottie Murazik,Lottie,Murazik,11,P,1989-11-26,Marry,Female,38,2019-02-14,2018-09-06
AB0032,Major Trantow,Major,Trantow,15,P,1986-09-01,Marry,Male,40,2019-10-03,2018-04-06
AB0033,Cassandra Frami,Cassandra,Frami,15,C,1973-09-17,Marry,Female,35,2019-06-20,2018-09-08
AB0034,Tona Bahringer,Tona,Bahringer,17,P,1994-03-20,Marry,Female,44,2019-06-13,2018-01-21
AB0035,Tracy Ward,Tracy,Ward,12,P,1965-11-07,Single,Male,28,2019-02-26,2018-05-24
AB0036,Jessie Turcotte,Jessie,Turcotte,14,P,1984-04-15,Single,Male,27,2019-09-14,2018-09-18
AB0037,Christal Morissette,Christal,Morissette,12,C,1983-10-31,Single,Female,29,2019-02-03,2018-07-12
AB0038,Willie D'Amore,Willie,D'Amore,14,P,1982-08-02,Single,Male,45,2019-04-12,2018-09-01
AB0039,Kristel Jacobson,Kristel,Jacobson,14,P,1995-07-31,Single,Female,36,2019-11-02,2018-09-20
AB0040,Jim McClure,Jim,McClure,18,C,1974-08-03,Single,Male,46,2019-07-19,2018-11-09
AB0041,Samella Torphy,Samella,Torphy,14,C,1966-06-09,Single,Female,28,2019-02-07,2018-05-09
AB0042,Annmarie Kovacek,Annmarie,Kovacek,14,P,1971-09-06,Single,Female,43,2019-03-11,2018-04-18
AB0043,Maryln Bins,Maryln,Bins,14,P,1986-05-30,Single,Male,49,2019-10-12,2018-06-25
AB0044,Monty Green,Monty,Green,17,C,1980-06-17,Marry,Female,45,2019-12-23,2018-03-25
AB0045,Oda Considine,Oda,Considine,14,P,1981-08-18,Single,Female,44,2019-03-22,2018-07-23
AB0046,Lowell Maggio,Lowell,Maggio,18,C,1965-09-08,Marry,Female,41,2019-02-28,2018-12-05
AB0047,Kristan Blick,Kristan,Blick,11,C,1975-08-21,Single,Female,50,2019-07-26,2018-09-02
AB0048,Bernarda Hirthe,Bernarda,Hirthe,13,C,1977-07-04,Single,Male,30,2019-09-14,2018-01-26
AB0049,Consuela Trantow,Consuela,Trantow,19,C,1979-08-15,Single,Male,29,2019-02-02,2018-03-18
AB0050,Freeman Ryan,Freeman,Ryan,16,P,1973-01-19,Marry,Male,27,2019-08-26,2018-10-10
AB0051,Graig Gislason,Graig,Gislason,14,C,1980-02-23,Marry,Male,37,2019-04-22,2018-07-27
AB0052,Elroy Wolf,Elroy,Wolf,18,P,1970-08-07,Marry,Female,45,2019-05-02,2018-02-02
AB0053,Silva Pollich,Silva,Pollich,15,P,1967-05-01,Marry,Female,39,2019-06-28,2018-07-27
AB0054,Marivel Ratke,Marivel,Ratke,18,P,1971-03-31,Marry,Female,48,2019-12-10,2018-04-25
AB0055,Barry Bernhard,Barry,Bernhard,18,P,1963-09-24,Marry,Male,49,2019-02-24,2018-08-05
AB0056,Randy Stanton,Randy,Stanton,11,C,1996-06-07,Single,Male,28,2019-09-11,2018-01-15
AB0057,Marietta Jenkins,Marietta,Jenkins,14,C,1976-07-28,Single,Female,40,2019-10-08,2018-04-24
AB0058,Cherise Rice,Cherise,Rice,16,P,1993-08-10,Single,Male,33,2019-11-25,2018-09-17
AB0059,Micah Williamson,Micah,Williamson,11,C,1975-05-01,Marry,Male,47,2019-07-05,2018-04-29
AB0060,Lee Bashirian,Lee,Bashirian,11,P,1964-06-19,Single,Male,33,2019-11-17,2018-03-03
AB0061,Sigrid Weber,Sigrid,Weber,17,P,1957-02-10,Marry,Female,30,2019-09-28,2018-02-27
AB0062,Gladys Keebler,Gladys,Keebler,17,P,1971-07-18,Single,Female,39,2019-01-23,2018-10-22
AB0063,Myron Wintheiser,Myron,Wintheiser,12,P,1972-10-24,Single,Male,44,2019-05-15,2018-02-20
AB0064,Charlena Feeney,Charlena,Feeney,11,P,1962-10-23,Marry,Female,39,2019-06-18,2018-04-03
AB0065,Hobert Becker,Hobert,Becker,17,C,1962-03-02,Single,Male,40,2019-12-19,2018-07-06
AB0066,Mason Wolff,Mason,Wolff,13,P,1974-03-14,Marry,Male,38,2019-08-26,2018-01-20
AB0067,Valerie Goyette,Valerie,Goyette,11,P,1986-01-24,Marry,Female,35,2019-07-06,2018-05-21
AB0068,Ahmad Pfannerstill,Ahmad,Pfannerstill,11,P,1967-11-15,Single,Male,30,2019-05-18,2018-04-16
AB0069,Kasey Strosin,Kasey,Strosin,12,C,1969-04-29,Single,Female,42,2019-06-18,2018-10-02
AB0070,Mathew Hahn,Mathew,Hahn,16,P,1990-10-08,Single,Male,34,2019-05-13,2018-08-16
AB0071,Shonda Tillman,Shonda,Tillman,18,P,1992-06-18,Single,Female,27,2019-02-02,2018-09-18
AB0072,Edris Stark,Edris,Stark,10,C,1994-08-05,Marry,Female,48,2019-04-06,2018-05-09
AB0073,Melinda Bernier,Melinda,Bernier,10,P,1976-01-15,Marry,Female,32,2019-09-01,2018-09-26
AB0074,Tyron Gorczany,Tyron,Gorczany,11,P,1983-04-12,Marry,Male,27,2019-09-05,2018-09-12
AB0075,Mack Jenkins,Mack,Jenkins,16,C,1968-02-19,Single,Male,46,2019-01-15,2018-07-28
AB0076,Jeffry Robel,Jeffry,Robel,19,C,1996-11-17,Single,Female,40,2019-05-01,2018-10-09
AB0077,Van O'Hara,Van,O'Hara,12,C,1964-11-11,Single,Male,43,2019-06-03,2018-11-10
AB0078,Walton Yundt,Walton,Yundt,18,C,1975-02-11,Marry,Female,37,2019-07-24,2018-04-09
AB0079,Malik Pacocha,Malik,Pacocha,18,P,1963-02-20,Marry,Male,27,2019-06-11,2018-02-16
AB0080,Briana Schumm,Briana,Schumm,15,P,1996-07-03,Single,Female,42,2019-02-14,2018-03-24
AB0081,Jule Homenick,Jule,Homenick,10,C,1966-01-12,Single,Male,37,2019-09-16,2018-03-19
AB0082,Hobert Gleichner,Hobert,Gleichner,20,C,1970-01-01,Marry,Female,30,2019-12-09,2018-12-13
AB0083,Lavern Monahan,Lavern,Monahan,12,P,1959-05-10,Marry,Female,42,2019-02-23,2018-07-14
AB0084,Orpha Grady,Orpha,Grady,18,C,1972-03-28,Marry,Female,31,2019-09-13,2018-04-23
AB0085,Genie Beahan,Genie,Beahan,14,P,1963-11-08,Single,Female,38,2019-11-06,2018-07-25
AB0086,Princess Cormier,Princess,Cormier,17,C,1995-03-24,Marry,Female,43,2019-10-16,2018-11-27
AB0087,Javier Hintz,Javier,Hintz,13,C,1976-05-10,Single,Male,28,2019-09-08,2018-10-28
AB0088,Brian Macejkovic,Brian,Macejkovic,11,P,1959-11-24,Marry,Female,32,2019-11-24,2018-09-29
AB0089,Royal Murray,Royal,Murray,17,C,1986-10-09,Single,Female,48,2019-08-27,2018-04-27
AB0090,Jeffery Kozey,Jeffery,Kozey,16,P,1967-07-05,Marry,Male,33,2019-04-15,2018-04-27
AB0091,Wm Frami,Wm,Frami,20,P,1989-10-13,Single,Male,31,2019-06-29,2018-12-18
AB0092,Krysta Dickens,Krysta,Dickens,13,P,1993-02-13,Single,Female,40,2019-11-12,2018-11-09
AB0093,Morton Cole,Morton,Cole,12,C,1995-10-18,Marry,Male,30,2019-04-03,2018-08-16
AB0094,Claude Mohr,Claude,Mohr,12,P,1975-07-01,Marry,Female,35,2019-02-19,2018-10-12
AB0095,Mark Fisher,Mark,Fisher,18,P,1971-11-15,Single,Female,42,2019-05-22,2018-04-30
AB0096,Abbey Farrell,Abbey,Farrell,11,C,1975-01-21,Marry,Female,27,2019-06-27,2018-03-05
AB0097,Tyrell Gottlieb,Tyrell,Gottlieb,10,P,1980-07-30,Marry,Female,47,2019-04-06,2018-03-24
AB0098,Micheal Bernier,Micheal,Bernier,10,P,1974-07-14,Single,Male,41,2019-05-14,2018-04-28
AB0099,Holly D'Amore,Holly,D'Amore,20,P,1965-10-19,Single,Male,50,2019-02-07,2018-07-14
AB0100,Tyron Rohan,Tyron,Rohan,17,P,1978-01-02,Single,Female,50,2019-04-23,2018-10-07
AB0101,Abbey Schaden,Abbey,Schaden,18,P,1969-04-10,Marry,Male,29,2019-04-03,2018-02-02
AB0102,Lauren Goodwin,Lauren,Goodwin,15,C,1970-01-28,Single,Male,42,2019-08-06,2018-07-16
AB0103,Earl Ankunding,Earl,Ankunding,11,P,1965-08-13,Marry,Female,50,2019-06-21,2018-12-22
AB0104,Lissa Bailey,Lissa,Bailey,20,P,1992-09-11,Single,Male,38,2019-08-28,2018-12-16
AB0105,Rod Lockman,Rod,Lockman,18,C,1969-08-16,Marry,Female,32,2019-04-27,2018-07-16
AB0106,Fidelia Farrell,Fidelia,Farrell,20,C,1996-02-15,Marry,Female,42,2019-09-07,2018-07-02
AB0107,Doretta Waelchi,Doretta,Waelchi,14,C,1971-01-23,Single,Male,29,2019-09-13,2018-09-28
AB0108,Roderick Rodriguez,Roderick,Rodriguez,14,C,1976-12-16,Marry,Female,33,2019-03-14,2018-07-19
AB0109,Calvin Thiel,Calvin,Thiel,17,P,1973-11-08,Marry,Female,37,2019-02-13,2018-11-07
AB0110,Alphonso Reinger,Alphonso,Reinger,18,P,1973-03-06,Marry,Female,43,2019-02-10,2018-10-05
AB0111,Vida Hamill,Vida,Hamill,15,C,1976-08-13,Marry,Female,27,2019-05-28,2018-12-16
AB0112,Marcellus Schumm,Marcellus,Schumm,11,C,1995-01-31,Single,Male,31,2019-06-28,2018-12-27
AB0113,Charissa Reichert,Charissa,Reichert,10,C,1979-10-31,Single,Female,49,2019-04-16,2018-10-25
AB0114,Lon Schroeder,Lon,Schroeder,19,P,1972-02-19,Marry,Male,27,2019-03-07,2018-12-13
AB0115,Lenny Kautzer,Lenny,Kautzer,20,P,1994-08-20,Marry,Male,29,2019-07-16,2018-03-26
AB0116,Alane Murphy,Alane,Murphy,18,P,1961-06-17,Marry,Female,48,2019-07-04,2018-11-28
AB0117,Melvin Heaney,Melvin,Heaney,12,C,1979-08-22,Single,Male,32,2019-12-12,2018-02-01
AB0118,Angela Rice,Angela,Rice,18,P,1961-03-17,Single,Male,33,2019-05-24,2018-01-01
AB0119,Joseph Graham,Joseph,Graham,11,C,1989-10-27,Marry,Male,43,2019-10-29,2018-03-30
AB0120,Cletus Cummings,Cletus,Cummings,13,C,1979-03-24,Marry,Male,34,2019-01-12,2018-03-14
AB0121,Earle Krajcik,Earle,Krajcik,11,C,1976-07-19,Marry,Male,45,2019-05-31,2018-11-18
AB0122,Normand Krajcik,Normand,Krajcik,10,C,1993-08-09,Marry,Female,28,2019-02-27,2018-09-14
AB0123,Loren Gorczany,Loren,Gorczany,11,C,1981-12-01,Single,Male,41,2019-09-21,2018-05-12
AB0124,Jody Barton,Jody,Barton,19,C,1987-08-15,Single,Male,37,2019-04-23,2018-12-14
AB0125,Juliann Stroman,Juliann,Stroman,10,P,1976-05-09,Marry,Male,41,2019-05-14,2018-01-13
AB0126,Clinton Friesen,Clinton,Friesen,15,C,1966-04-23,Marry,Female,43,2019-06-19,2018-12-15
AB0127,Kenna Wintheiser,Kenna,Wintheiser,10,P,1983-02-25,Marry,Female,49,2019-07-14,2018-01-29
AB0128,Markita Hintz,Markita,Hintz,17,P,1957-06-20,Single,Male,34,2019-04-13,2018-03-15
AB0129,Isiah Brakus,Isiah,Brakus,18,C,1967-01-08,Single,Female,32,2019-06-29,2018-01-26
AB0130,Kathleen Deckow,Kathleen,Deckow,20,P,1967-12-16,Single,Female,42,2019-08-22,2018-08-06
AB0131,Zelda Keebler,Zelda,Keebler,13,P,1977-05-19,Single,Female,28,2019-11-06,2018-08-11
AB0132,Gertrude Treutel,Gertrude,Treutel,14,P,1972-02-11,Single,Male,37,2019-01-25,2018-06-19
AB0133,Sima Langworth,Sima,Langworth,19,C,1970-11-02,Single,Female,40,2019-05-07,2018-05-21
AB0134,Mitch Fay,Mitch,Fay,12,C,1979-01-11,Single,Male,50,2019-07-17,2018-04-19
AB0135,Dallas Little,Dallas,Little,15,C,1957-06-06,Single,Male,33,2019-06-23,2018-07-02
AB0136,Loyd Cassin,Loyd,Cassin,11,P,1960-04-09,Marry,Female,43,2019-11-05,2018-07-24
AB0137,Vincent Sanford,Vincent,Sanford,14,C,1976-10-25,Marry,Male,45,2019-01-17,2018-04-06
AB0138,Gilberto Collier,Gilberto,Collier,12,P,1974-05-10,Single,Female,45,2019-01-22,2018-03-18
AB0139,Gino Block,Gino,Block,19,C,1968-12-03,Marry,Female,27,2019-04-20,2018-09-05
AB0140,Abel Kozey,Abel,Kozey,19,P,1957-01-09,Single,Male,45,2019-10-09,2018-01-04
AB0141,Jermaine Homenick,Jermaine,Homenick,17,C,1970-11-20,Marry,Female,33,2019-08-02,2018-07-25
AB0142,Kiley Stokes,Kiley,Stokes,20,C,1962-07-17,Marry,Male,43,2019-08-26,2018-03-09
AB0143,Ernest Dicki,Ernest,Dicki,12,P,1983-02-07,Marry,Female,42,2019-06-09,2018-04-19
AB0144,Jack Schowalter,Jack,Schowalter,14,C,1969-12-10,Single,Female,50,2019-05-20,2018-05-04
AB0145,Alberto Hyatt,Alberto,Hyatt,12,P,1996-03-05,Marry,Female,34,2019-03-13,2018-04-20
AB0146,Valentine Thompson,Valentine,Thompson,16,C,1967-08-21,Single,Female,37,2019-12-07,2018-10-17
AB0147,Morgan Lind,Morgan,Lind,11,P,1957-06-25,Marry,Male,36,2019-09-22,2018-06-26
AB0148,Refugio Reichert,Refugio,Reichert,18,C,1975-09-16,Marry,Male,41,2019-05-13,2018-09-22
AB0149,Jeanelle Stark,Jeanelle,Stark,11,C,1988-07-16,Single,Male,31,2019-03-09,2018-08-02
AB0150,Dannielle Treutel,Dannielle,Treutel,18,C,1976-07-15,Single,Male,45,2019-04-26,2018-03-09
AB0151,Ivan Dickinson,Ivan,Dickinson,11,P,1958-07-04,Marry,Male,35,2019-06-10,2018-09-01
AB0152,Wendie Ward,Wendie,Ward,10,C,1973-09-24,Single,Female,29,2019-02-05,2018-05-04
AB0153,Ollie Olson,Ollie,Olson,20,C,1963-02-20,Single,Female,37,2019-07-28,2018-06-20
AB0154,Lucina McKenzie,Lucina,McKenzie,18,C,1978-05-05,Single,Female,36,2019-10-14,2018-01-24
AB0155,Cecile Johns,Cecile,Johns,19,C,1957-01-13,Marry,Male,39,2019-09-06,2018-12-11
AB0156,Scott Hansen,Scott,Hansen,18,P,1962-08-03,Single,Male,40,2019-01-07,2018-02-28
AB0157,Evita Weber,Evita,Weber,10,C,1973-12-07,Single,Male,49,2019-12-03,2018-08-05
AB0158,Emmanuel Feest,Emmanuel,Feest,16,C,1969-10-12,Single,Female,43,2019-12-16,2018-12-21
AB0159,Santiago Fisher,Santiago,Fisher,16,C,1978-07-16,Single,Male,29,2019-07-29,2018-03-20
AB0160,Isaiah Heaney,Isaiah,Heaney,15,P,1974-11-02,Single,Female,35,2019-09-29,2018-03-08
AB0161,Rolando Bergnaum,Rolando,Bergnaum,17,C,1957-08-18,Single,Male,41,2019-03-23,2018-12-06
AB0162,Gabriele Emard,Gabriele,Emard,14,P,1957-11-10,Single,Male,43,2019-06-17,2018-09-12
AB0163,Reynalda Hermann,Reynalda,Hermann,13,C,1960-04-06,Single,Male,44,2019-03-18,2018-03-03
AB0164,Jarrod Marks,Jarrod,Marks,12,P,1984-02-24,Single,Male,49,2019-12-04,2018-03-14
AB0165,Maisha Schoen,Maisha,Schoen,20,P,1991-05-16,Marry,Female,45,2019-12-24,2018-02-26
AB0166,Jeffry Runte,Jeffry,Runte,16,C,1993-08-08,Single,Female,29,2019-10-21,2018-10-26
AB0167,Pauline Willms,Pauline,Willms,15,P,1980-07-28,Marry,Male,49,2019-10-10,2018-06-06
AB0168,Christoper Swift,Christoper,Swift,12,P,1968-11-07,Marry,Female,38,2019-02-08,2018-09-25
AB0169,Angelique Kuphal,Angelique,Kuphal,18,P,1960-04-28,Marry,Female,50,2019-05-18,2018-02-18
AB0170,Ashli Kreiger,Ashli,Kreiger,12,C,1980-03-12,Single,Female,34,2019-03-04,2018-12-03
AB0171,Harris Hoppe,Harris,Hoppe,19,C,1960-10-27,Marry,Female,38,2019-01-15,2018-03-29
AB0172,Marcellus O'Hara,Marcellus,O'Hara,13,P,1982-10-28,Single,Male,35,2019-05-11,2018-05-13
AB0173,Lenny Williamson,Lenny,Williamson,19,C,1993-06-28,Marry,Female,40,2019-11-10,2018-01-15
AB0174,Ramon Lehner,Ramon,Lehner,13,C,1961-04-28,Marry,Female,47,2019-02-28,2018-02-05
AB0175,Darell Wunsch,Darell,Wunsch,17,C,1996-06-20,Single,Male,36,2019-11-22,2018-02-19
AB0176,Reiko Shanahan,Reiko,Shanahan,15,P,1958-01-14,Single,Male,49,2019-07-22,2018-01-20
AB0177,Marcel Wolf,Marcel,Wolf,12,P,1964-07-19,Single,Female,43,2019-04-24,2018-10-08
AB0178,Bert Conn,Bert,Conn,15,P,1989-05-18,Marry,Male,42,2019-03-28,2018-04-15
AB0179,Krista Mills,Krista,Mills,11,C,1967-10-24,Single,Female,39,2019-11-15,2018-10-02
AB0180,Jamaal Gutmann,Jamaal,Gutmann,16,C,1986-01-26,Single,Male,47,2019-12-23,2018-09-12
AB0181,Iola Wolf,Iola,Wolf,18,C,1994-03-09,Single,Male,27,2019-03-04,2018-07-13
AB0182,Corazon Kilback,Corazon,Kilback,20,P,1970-08-11,Marry,Female,38,2019-08-16,2018-10-24
AB0183,Larisa Rau,Larisa,Rau,18,C,1965-09-25,Marry,Female,34,2019-09-19,2018-07-23
AB0184,Eddie Quitzon,Eddie,Quitzon,11,C,1994-08-29,Single,Female,40,2019-01-30,2018-04-12
AB0185,Felicidad Stroman,Felicidad,Stroman,20,P,1994-09-22,Single,Male,37,2019-05-23,2018-05-01
AB0186,Tammie Howe,Tammie,Howe,18,P,1987-08-29,Marry,Male,42,2019-10-17,2018-10-12
AB0187,Kamala Price,Kamala,Price,19,C,1994-03-05,Marry,Male,29,2019-02-25,2018-06-24
AB0188,Chieko Dibbert,Chieko,Dibbert,18,C,1978-12-03,Marry,Male,40,2019-10-08,2018-12-11
AB0189,Krystina Goldner,Krystina,Goldner,11,P,1987-03-04,Marry,Female,44,2019-01-24,2018-09-13
AB0190,Brittany Braun,Brittany,Braun,19,C,1961-09-22,Single,Male,45,2019-07-14,2018-01-08
AB0191,Leon Schaefer,Leon,Schaefer,16,C,1984-03-19,Marry,Female,44,2019-04-07,2018-07-04
AB0192,Loyd Schmeler,Loyd,Schmeler,10,P,1966-08-16,Single,Male,36,2019-01-19,2018-02-05
AB0193,Antonia Schaden,Antonia,Schaden,15,C,1961-05-03,Single,Female,29,2019-11-01,2018-08-11
AB0194,Alden Schulist,Alden,Schulist,17,C,1972-03-02,Marry,Male,47,2019-06-13,2018-12-26
AB0195,Caren Weber,Caren,Weber,12,C,1972-05-31,Single,Male,31,2019-07-30,2018-07-26
AB0196,Bernarda Renner,Bernarda,Renner,18,P,1975-05-26,Single,Female,32,2019-02-15,2018-04-17
AB0197,Issac Ferry,Issac,Ferry,11,C,1984-06-27,Single,Female,41,2019-10-28,2018-03-21
AB0198,Rusty Williamson,Rusty,Williamson,14,C,1991-10-21,Single,Male,49,2019-08-20,2018-04-16
AB0199,Nathanael Kautzer,Nathanael,Kautzer,10,C,1974-05-03,Marry,Female,38,2019-02-03,2018-02-24
AB0200,Ailene Williamson,Ailene,Williamson,20,C,1989-10-17,Marry,Male,50,2019-02-21,2018-01-19
AB0201,Mariano Gerlach,Mariano,Gerlach,17,C,1990-09-25,Marry,Female,36,2019-03-30,2018-08-26
AB0202,Orlando Hills,Orlando,Hills,20,C,1983-12-02,Single,Female,42,2019-01-27,2018-02-08
AB0203,Viola Green,Viola,Green,11,C,1958-02-17,Marry,Male,48,2019-12-20,2018-03-12
AB0204,Goldie Gerlach,Goldie,Gerlach,19,C,1960-09-10,Marry,Female,49,2019-01-23,2018-10-13
AB0205,Latrina Purdy,Latrina,Purdy,19,C,1965-07-07,Marry,Male,27,2019-01-06,2018-04-20
AB0206,Morton D'Amore,Morton,D'Amore,17,C,1987-04-11,Marry,Male,36,2019-11-15,2018-04-03
AB0207,Denisse Schamberger,Denisse,Schamberger,20,P,1972-04-16,Single,Male,27,2019-10-01,2018-01-27
AB0208,Lai Howell,Lai,Howell,14,C,1986-10-01,Single,Female,28,2019-06-23,2018-07-15
AB0209,Laura Zemlak,Laura,Zemlak,16,P,1969-05-10,Marry,Male,47,2019-09-22,2018-06-16
AB0210,Charita Doyle,Charita,Doyle,17,P,1963-12-18,Single,Female,39,2019-03-23,2018-09-09
AB0211,Tamatha Monahan,Tamatha,Monahan,19,C,1993-11-27,Marry,Male,31,2019-10-03,2018-11-21
AB0212,Tomiko Jast,Tomiko,Jast,12,P,1993-08-31,Single,Female,44,2019-12-18,2018-11-12
AB0213,Erik Schultz,Erik,Schultz,11,C,1984-05-12,Single,Male,29,2019-03-10,2018-09-10
AB0214,Roland Towne,Roland,Towne,15,P,1992-01-09,Single,Male,45,2019-07-04,2018-08-15
AB0215,Elwood Gusikowski,Elwood,Gusikowski,10,C,1995-03-21,Marry,Male,34,2019-11-23,2018-03-20
AB0216,Arie Stiedemann,Arie,Stiedemann,20,P,1972-09-26,Single,Male,31,2019-05-22,2018-03-23
AB0217,Santo Nitzsche,Santo,Nitzsche,16,C,1977-03-30,Single,Male,33,2019-10-25,2018-11-18
AB0218,Thanh Steuber,Thanh,Steuber,13,C,1976-11-20,Single,Female,47,2019-07-03,2018-02-25
AB0219,Tandy Anderson,Tandy,Anderson,15,C,1966-07-11,Marry,Female,45,2019-08-16,2018-07-10
AB0220,Grant Price,Grant,Price,12,C,1962-02-14,Single,Male,32,2019-06-06,2018-11-18
AB0221,Elton Schoen,Elton,Schoen,18,P,1993-03-17,Marry,Male,45,2019-01-10,2018-01-28
AB0222,Heath Corwin,Heath,Corwin,18,P,1967-01-30,Single,Female,39,2019-03-10,2018-10-02
AB0223,Edgardo Maggio,Edgardo,Maggio,16,C,1976-07-26,Marry,Female,29,2019-04-25,2018-05-10
AB0224,Andre Mueller,Andre,Mueller,16,P,1985-11-21,Single,Female,48,2019-02-19,2018-10-15
AB0225,Eryn Senger,Eryn,Senger,14,C,1986-06-30,Marry,Female,46,2019-05-06,2018-06-11
AB0226,Asuncion Hirthe,Asuncion,Hirthe,20,P,1992-06-05,Marry,Male,48,2019-04-15,2018-11-19
AB0227,Adrienne Rolfson,Adrienne,Rolfson,17,C,1958-10-11,Marry,Female,35,2019-10-09,2018-06-17
AB0228,Judson Lockman,Judson,Lockman,18,C,1978-12-29,Single,Female,35,2019-01-28,2018-11-28
AB0229,Jeramy Heller,Jeramy,Heller,14,C,1973-07-19,Marry,Female,35,2019-08-22,2018-06-20
AB0230,Emanuel Ondricka,Emanuel,Ondricka,12,C,1960-07-13,Single,Female,30,2019-11-26,2018-10-29
AB0231,Prince Koch,Prince,Koch,12,C,1962-02-12,Single,Male,29,2019-11-02,2018-08-12
AB0232,Shirlee Frami,Shirlee,Frami,15,C,1973-09-10,Marry,Male,45,2019-09-13,2018-08-18
AB0233,Kacie O'Conner,Kacie,O'Conner,15,C,1990-12-23,Marry,Male,40,2019-04-11,2018-02-01
AB0234,Ettie Flatley,Ettie,Flatley,20,C,1965-11-04,Marry,Female,34,2019-02-19,2018-02-09
AB0235,Eloy Larson,Eloy,Larson,10,C,1959-05-22,Single,Female,31,2019-11-18,2018-05-26
AB0236,Valentin Flatley,Valentin,Flatley,19,C,1991-04-12,Single,Male,46,2019-06-17,2018-08-17
AB0237,Ahmed Hermann,Ahmed,Hermann,20,P,1969-10-19,Marry,Female,32,2019-04-12,2018-11-30
AB0238,Lynne Fisher,Lynne,Fisher,14,C,1979-03-21,Single,Female,35,2019-08-29,2018-11-21
AB0239,Jovan Borer,Jovan,Borer,18,P,1960-08-24,Single,Male,28,2019-08-23,2018-08-24
AB0240,Lovella Cole,Lovella,Cole,18,C,1959-10-08,Marry,Male,49,2019-07-03,2018-07-30
AB0241,Lianne Nienow,Lianne,Nienow,14,P,1968-09-15,Marry,Female,47,2019-09-24,2018-08-23
AB0242,Lorriane Weber,Lorriane,Weber,11,P,1970-08-12,Single,Female,41,2019-07-07,2018-03-20
AB0243,Vesta Jones,Vesta,Jones,16,C,1965-07-19,Marry,Female,46,2019-01-17,2018-10-13
AB0244,Mae Ortiz,Mae,Ortiz,12,C,1984-07-01,Single,Female,29,2019-03-16,2018-01-20
AB0245,Antone Schiller,Antone,Schiller,20,P,1980-01-30,Single,Male,47,2019-11-03,2018-05-25
AB0246,Charmaine Wolf,Charmaine,Wolf,15,P,1991-05-22,Single,Female,27,2019-11-01,2018-03-19
AB0247,Clint Fahey,Clint,Fahey,12,C,1972-11-20,Single,Female,35,2019-05-22,2018-10-25
AB0248,Marlys Brown,Marlys,Brown,14,C,1962-06-21,Single,Female,35,2019-02-22,2018-09-24
AB0249,Ashlea Pagac,Ashlea,Pagac,19,P,1975-01-03,Single,Female,37,2019-09-17,2018-06-12
AB0250,Ezra Johnson,Ezra,Johnson,10,P,1969-02-24,Single,Male,28,2019-03-22,2018-03-24
AB0251,Hyman Hessel,Hyman,Hessel,20,P,1995-08-30,Marry,Male,40,2019-12-20,2018-05-20
AB0252,Ozella Harris,Ozella,Harris,10,C,1976-12-26,Single,Female,46,2019-06-10,2018-12-02
AB0253,Gilberto Rohan,Gilberto,Rohan,20,P,1980-04-16,Marry,Female,46,2019-01-21,2018-02-22
AB0254,Johna Kuhlman,Johna,Kuhlman,16,C,1994-04-28,Marry,Female,32,2019-06-22,2018-12-30
AB0255,Damon Heaney,Damon,Heaney,13,P,1991-05-12,Marry,Male,48,2019-06-27,2018-08-15
AB0256,Buffy Zieme,Buffy,Zieme,11,C,1986-11-25,Marry,Female,38,2019-07-25,2018-12-18
AB0257,Osvaldo Rau,Osvaldo,Rau,14,C,1981-04-08,Single,Male,48,2019-09-13,2018-07-17
AB0258,Mammie Leuschke,Mammie,Leuschke,16,C,1994-03-19,Marry,Male,40,2019-02-10,2018-02-08
AB0259,Shyla Durgan,Shyla,Durgan,20,P,1972-02-14,Marry,Male,42,2019-07-24,2018-06-05
AB0260,Ema VonRueden,Ema,VonRueden,14,P,1981-08-22,Marry,Male,30,2019-11-11,2018-02-02
AB0261,Paul Blick,Paul,Blick,14,P,1967-11-11,Single,Male,36,2019-05-07,2018-02-24
AB0262,Valentin Hayes,Valentin,Hayes,19,C,1977-11-06,Single,Female,38,2019-02-19,2018-03-18
AB0263,Alberto Jacobs,Alberto,Jacobs,19,P,1968-05-27,Single,Male,48,2019-08-19,2018-01-03
AB0264,Arnette Mosciski,Arnette,Mosciski,19,P,1980-10-03,Single,Female,34,2019-05-29,2018-05-01
AB0265,Crysta Kutch,Crysta,Kutch,18,C,1967-12-05,Single,Male,48,2019-09-19,2018-08-15
AB0266,Jayson Gutmann,Jayson,Gutmann,19,C,1978-12-15,Single,Male,39,2019-10-11,2018-09-26
AB0267,Twila Pollich,Twila,Pollich,15,P,1994-10-08,Marry,Male,49,2019-10-08,2018-09-12
AB0268,Earl Turcotte,Earl,Turcotte,16,P,1966-06-05,Marry,Female,40,2019-12-13,2018-06-24
AB0269,Thomasina Wisozk,Thomasina,Wisozk,12,P,1980-11-20,Marry,Male,42,2019-09-10,2018-09-15
AB0270,Huey Gulgowski,Huey,Gulgowski,15,P,1958-05-05,Marry,Male,48,2019-12-07,2018-06-26
AB0271,Nadine Olson,Nadine,Olson,12,C,1986-12-29,Single,Male,40,2019-10-02,2018-12-18
AB0272,Lindsay Marvin,Lindsay,Marvin,16,P,1978-12-01,Single,Male,30,2019-07-17,2018-06-14
AB0273,Terrance Windler,Terrance,Windler,13,C,1976-11-25,Marry,Male,29,2019-02-13,2018-11-15
AB0274,Temple Pfeffer,Temple,Pfeffer,16,P,1972-11-15,Single,Male,27,2019-04-28,2018-10-04
AB0275,Kiara Cormier,Kiara,Cormier,10,P,1985-07-05,Marry,Male,38,2019-12-26,2018-05-11
AB0276,Forrest Padberg,Forrest,Padberg,18,C,1979-03-22,Single,Female,42,2019-09-14,2018-02-08
AB0277,Mireya Botsford,Mireya,Botsford,12,P,1980-06-30,Single,Female,48,2019-04-22,2018-04-04
AB0278,Lupe Crist,Lupe,Crist,10,P,1991-01-10,Single,Female,42,2019-05-11,2018-11-29
AB0279,Miguel Orn,Miguel,Orn,14,P,1970-09-26,Marry,Male,27,2019-07-11,2018-03-27
AB0280,Oren Lang,Oren,Lang,12,P,1996-11-28,Single,Male,33,2019-12-22,2018-07-30
AB0281,Arthur Zboncak,Arthur,Zboncak,10,P,1983-10-22,Marry,Female,38,2019-03-29,2018-10-18
AB0282,Soon Raynor,Soon,Raynor,18,C,1974-01-06,Single,Female,49,2019-01-04,2018-02-26
AB0283,Amee Williamson,Amee,Williamson,14,C,1987-12-24,Marry,Male,28,2019-09-10,2018-07-19
AB0284,Abel Gerhold,Abel,Gerhold,13,P,1960-12-29,Marry,Female,29,2019-06-20,2018-01-14
AB0285,Devon Rau,Devon,Rau,16,C,1976-07-23,Single,Female,36,2019-11-26,2018-05-18
AB0286,Lavona Dach,Lavona,Dach,17,P,1982-01-09,Marry,Female,38,2019-12-14,2018-04-04
AB0287,Beulah Block,Beulah,Block,17,C,1995-12-16,Single,Female,33,2019-01-14,2018-07-21
AB0288,Grover Ebert,Grover,Ebert,16,P,1981-11-16,Single,Female,41,2019-11-13,2018-10-09
AB0289,Kim Rath,Kim,Rath,15,P,1977-07-07,Marry,Male,47,2019-05-04,2018-04-19
AB0290,Adell Carter,Adell,Carter,16,C,1980-01-25,Single,Female,39,2019-03-10,2018-01-06
AB0291,Jovan Leffler,Jovan,Leffler,18,P,1961-01-09,Single,Male,30,2019-04-26,2018-12-10
AB0292,Bud Schmitt,Bud,Schmitt,20,C,1959-08-06,Marry,Male,49,2019-09-08,2018-12-07
AB0293,Aron Beahan,Aron,Beahan,13,P,1963-02-27,Marry,Male,49,2019-11-12,2018-05-01
AB0294,Yuette Pacocha,Yuette,Pacocha,11,C,1959-02-25,Single,Female,29,2019-09-01,2018-02-11
AB0295,Ellsworth Hauck,Ellsworth,Hauck,15,P,1995-10-29,Single,Male,32,2019-01-21,2018-07-16
AB0296,Cedric Konopelski,Cedric,Konopelski,11,C,1984-05-15,Single,Female,45,2019-08-06,2018-01-04
AB0297,Rossie Bahringer,Rossie,Bahringer,18,C,1989-05-03,Single,Male,27,2019-04-21,2018-07-30
AB0298,Alexis Langworth,Alexis,Langworth,13,P,1958-07-30,Marry,Male,44,2019-09-03,2018-05-31
AB0299,Bailey Trantow,Bailey,Trantow,15,C,1961-01-19,Marry,Male,43,2019-08-24,2018-01-24
AB0300,Raphael Pouros,Raphael,Pouros,18,C,1970-01-30,Marry,Male,48,2019-01-10,2018-06-28
AB0301,Pricilla Mitchell,Pricilla,Mitchell,18,C,1983-01-08,Single,Female,29,2019-03-30,2018-08-14
AB0302,Emile Heathcote,Emile,Heathcote,17,P,1966-06-08,Marry,Female,38,2019-05-02,2018-10-12
AB0303,Cherrie Rath,Cherrie,Rath,16,C,1965-06-16,Single,Male,41,2019-10-14,2018-06-19
AB0304,Tommie Braun,Tommie,Braun,16,P,1968-07-06,Single,Male,50,2019-01-26,2018-07-19
AB0305,Young Grimes,Young,Grimes,10,P,1996-05-26,Single,Female,30,2019-01-23,2018-11-02
AB0306,Britta Weimann,Britta,Weimann,16,P,1961-06-26,Marry,Female,28,2019-11-07,2018-06-18
AB0307,Charla Feil,Charla,Feil,16,C,1996-06-10,Single,Male,49,2019-11-29,2018-07-05
AB0308,Jude West,Jude,West,11,P,1977-06-14,Single,Female,45,2019-08-27,2018-09-05
AB0309,Jerry Crist,Jerry,Crist,16,C,1976-03-06,Marry,Male,27,2019-10-20,2018-10-08
AB0310,Gordon Boehm,Gordon,Boehm,14,P,1992-08-22,Marry,Male,47,2019-02-19,2018-12-29
AB0311,Luigi Klein,Luigi,Klein,16,P,1967-08-09,Single,Male,42,2019-02-06,2018-12-21
AB0312,Coleman Hyatt,Coleman,Hyatt,15,C,1989-12-05,Marry,Female,34,2019-10-04,2018-07-21
AB0313,Patricia Mertz,Patricia,Mertz,18,P,1966-09-16,Single,Female,42,2019-10-28,2018-10-10
AB0314,Russell Hayes,Russell,Hayes,20,P,1990-11-13,Single,Female,39,2019-04-24,2018-07-10
AB0315,Mickie Waelchi,Mickie,Waelchi,10,P,1996-11-23,Single,Female,49,2019-02-19,2018-09-07
AB0316,Renee Gerlach,Renee,Gerlach,11,C,1968-02-11,Single,Female,35,2019-08-09,2018-09-23
AB0317,Sara Monahan,Sara,Monahan,18,P,1971-05-17,Single,Female,29,2019-10-06,2018-07-05
AB0318,Reid Ullrich,Reid,Ullrich,15,C,1961-03-10,Marry,Female,49,2019-12-14,2018-03-29
AB0319,Dusty Senger,Dusty,Senger,18,C,1966-08-05,Marry,Male,41,2019-07-09,2018-07-29
AB0320,Neil Leuschke,Neil,Leuschke,18,C,1978-08-12,Single,Male,28,2019-08-17,2018-01-23
AB0321,Noah Hilll,Noah,Hilll,18,C,1982-03-29,Marry,Female,35,2019-10-03,2018-11-24
AB0322,Zackary Rolfson,Zackary,Rolfson,12,C,1983-06-07,Single,Female,35,2019-06-30,2018-08-15
AB0323,Mirta Hirthe,Mirta,Hirthe,17,P,1967-08-08,Single,Male,46,2019-01-15,2018-02-17
AB0324,Darleen Roob,Darleen,Roob,14,P,1972-04-10,Single,Female,46,2019-03-27,2018-01-23
AB0325,Laverne Aufderhar,Laverne,Aufderhar,12,P,1983-05-21,Marry,Female,44,2019-08-13,2018-03-09
AB0326,Paul Thiel,Paul,Thiel,15,P,1960-09-19,Marry,Female,40,2019-01-09,2018-01-21
AB0327,Elmo Kassulke,Elmo,Kassulke,16,C,1960-04-08,Marry,Female,28,2019-05-23,2018-07-28
AB0328,Dan Block,Dan,Block,14,P,1958-10-08,Single,Male,47,2019-03-18,2018-07-17
AB0329,Neda Paucek,Neda,Paucek,16,C,1987-09-26,Marry,Female,43,2019-08-10,2018-10-19
AB0330,Megan Schinner,Megan,Schinner,17,C,1987-03-29,Single,Female,38,2019-01-15,2018-01-09
AB0331,Winfred Lakin,Winfred,Lakin,17,C,1989-04-07,Single,Female,49,2019-12-08,2018-09-17
AB0332,Bo Veum,Bo,Veum,12,C,1968-06-02,Single,Female,39,2019-12-06,2018-04-06
AB0333,Chad Herzog,Chad,Herzog,14,C,1988-02-23,Single,Female,35,2019-07-02,2018-07-17
AB0334,Cherryl Jacobi,Cherryl,Jacobi,11,C,1996-07-28,Single,Female,49,2019-01-18,2018-11-05
AB0335,Eusebio Tromp,Eusebio,Tromp,18,P,1988-11-07,Marry,Male,31,2019-11-26,2018-09-13
AB0336,Roberto Cole,Roberto,Cole,12,C,1987-02-05,Marry,Male,47,2019-01-17,2018-02-24
AB0337,Jarvis Lind,Jarvis,Lind,15,P,1983-09-14,Single,Male,49,2019-06-30,2018-07-16
AB0338,Mitch Auer,Mitch,Auer,14,P,1958-12-15,Single,Female,31,2019-11-11,2018-06-19
AB0339,Ozzie Dooley,Ozzie,Dooley,17,C,1991-08-15,Single,Female,41,2019-04-01,2018-08-11
AB0340,Eric Fahey,Eric,Fahey,19,P,1983-05-12,Marry,Female,46,2019-02-05,2018-10-15
AB0341,Travis Koelpin,Travis,Koelpin,19,C,1969-08-11,Single,Male,38,2019-10-02,2018-09-18
AB0342,Lucas Watsica,Lucas,Watsica,15,C,1968-02-13,Single,Female,34,2019-03-31,2018-08-18
AB0343,Kisha Hudson,Kisha,Hudson,10,C,1977-05-07,Single,Female,33,2019-07-02,2018-04-23
AB0344,Fletcher Toy,Fletcher,Toy,18,P,1966-11-02,Marry,Female,48,2019-04-05,2018-10-29
AB0345,Isa Schoen,Isa,Schoen,19,P,1989-03-30,Marry,Male,37,2019-12-12,2018-06-24
AB0346,Norberto Kuhn,Norberto,Kuhn,13,P,1958-06-27,Single,Female,38,2019-03-25,2018-06-10
AB0347,Bernardina MacGyver,Bernardina,MacGyver,19,C,1961-06-22,Marry,Female,43,2019-03-30,2018-07-11
AB0348,Shirely Murphy,Shirely,Murphy,18,C,1985-09-28,Marry,Male,41,2019-04-11,2018-03-16
AB0349,Alisia Moore,Alisia,Moore,20,C,1961-08-30,Single,Male,41,2019-10-27,2018-01-28
AB0350,Octavio Rohan,Octavio,Rohan,13,C,1959-03-24,Marry,Male,46,2019-01-20,2018-10-08
AB0351,Colby Wehner,Colby,Wehner,17,P,1958-04-23,Marry,Female,40,2019-09-11,2018-09-10
AB0352,Brady O'Reilly,Brady,O'Reilly,18,C,1977-11-26,Single,Male,27,2019-09-03,2018-08-10
AB0353,Russ Smitham,Russ,Smitham,18,C,1975-04-19,Single,Female,36,2019-03-28,2018-07-08
AB0354,Elbert Lang,Elbert,Lang,11,P,1995-09-21,Marry,Male,28,2019-07-27,2018-01-26
AB0355,Reed Bailey,Reed,Bailey,18,P,1977-03-29,Marry,Female,37,2019-07-09,2018-08-11
AB0356,Dino Crooks,Dino,Crooks,17,C,1968-05-26,Single,Female,32,2019-11-11,2018-08-28
AB0357,Landon Aufderhar,Landon,Aufderhar,20,C,1966-06-07,Marry,Female,30,2019-06-03,2018-10-08
AB0358,Arnita Weissnat,Arnita,Weissnat,18,C,1977-11-22,Single,Male,41,2019-04-29,2018-02-27
AB0359,Milan Greenfelder,Milan,Greenfelder,12,P,1995-06-10,Single,Female,42,2019-11-08,2018-06-11
AB0360,Leigh Gislason,Leigh,Gislason,12,C,1992-05-21,Marry,Female,38,2019-08-26,2018-10-24
AB0361,Kasandra Sipes,Kasandra,Sipes,13,C,1992-02-16,Single,Male,44,2019-02-20,2018-05-03
AB0362,Hilton Dickinson,Hilton,Dickinson,12,P,1965-09-21,Marry,Female,28,2019-11-20,2018-02-02
AB0363,Joaquin Cormier,Joaquin,Cormier,19,P,1979-04-29,Marry,Male,30,2019-12-06,2018-04-28
AB0364,Miguel Murray,Miguel,Murray,11,C,1959-02-13,Single,Male,49,2019-08-07,2018-04-29
AB0365,Sherlyn Marks,Sherlyn,Marks,19,P,1983-06-26,Single,Male,35,2019-01-09,2018-03-23
AB0366,Teodoro Gulgowski,Teodoro,Gulgowski,13,C,1967-09-24,Marry,Female,42,2019-11-23,2018-03-17
AB0367,Eliseo Swaniawski,Eliseo,Swaniawski,15,P,1959-06-19,Marry,Female,38,2019-09-07,2018-09-11
AB0368,Corene Mraz,Corene,Mraz,18,P,1960-01-15,Marry,Male,46,2019-03-07,2018-04-22
AB0369,Hipolito Feeney,Hipolito,Feeney,20,C,1991-03-02,Single,Female,30,2019-12-18,2018-05-13
AB0370,Una Effertz,Una,Effertz,19,P,1958-07-17,Single,Male,45,2019-12-08,2018-03-30
AB0371,Eddie Mitchell,Eddie,Mitchell,12,P,1960-08-22,Single,Male,41,2019-04-03,2018-11-18
AB0372,Devona Frami,Devona,Frami,18,C,1991-03-04,Single,Female,45,2019-04-29,2018-05-07
AB0373,Corinna Boehm,Corinna,Boehm,11,C,1966-08-01,Marry,Male,34,2019-10-25,2018-04-15
AB0374,Collin Lockman,Collin,Lockman,15,C,1974-06-21,Marry,Female,44,2019-09-04,2018-07-15
AB0375,Lenora Zboncak,Lenora,Zboncak,17,C,1988-08-26,Single,Male,45,2019-07-04,2018-05-13
AB0376,Louie Kris,Louie,Kris,10,C,1965-10-06,Single,Female,45,2019-09-28,2018-02-24
AB0377,Annemarie Dare,Annemarie,Dare,14,C,1986-05-10,Marry,Female,32,2019-04-03,2018-06-05
AB0378,Leroy Mueller,Leroy,Mueller,10,C,1994-04-25,Marry,Female,33,2019-11-12,2018-12-18
AB0379,Luke Altenwerth,Luke,Altenwerth,17,P,1986-01-17,Single,Male,42,2019-09-12,2018-09-21
AB0380,Dia Buckridge,Dia,Buckridge,11,P,1965-11-24,Single,Male,44,2019-10-01,2018-08-04
AB0381,Ian Leffler,Ian,Leffler,14,P,1976-12-16,Marry,Female,32,2019-12-07,2018-06-20
AB0382,Craig Thiel,Craig,Thiel,19,C,1962-02-17,Single,Female,34,2019-08-27,2018-07-30
AB0383,Manuel Hudson,Manuel,Hudson,12,C,1968-09-05,Single,Female,33,2019-04-28,2018-06-18
AB0384,Shaunta Weimann,Shaunta,Weimann,14,P,1983-06-21,Single,Female,27,2019-05-08,2018-06-04
AB0385,Jacquelin Wiza,Jacquelin,Wiza,16,C,1961-07-26,Single,Male,27,2019-07-21,2018-08-02
AB0386,Willia Reilly,Willia,Reilly,19,P,1958-05-29,Marry,Male,35,2019-07-27,2018-04-24
AB0387,Myron Kub,Myron,Kub,12,P,1965-03-02,Single,Male,30,2019-03-11,2018-12-08
AB0388,Wallace Koss,Wallace,Koss,15,C,1987-05-03,Single,Female,47,2019-01-15,2018-06-13
AB0389,Ethan Rippin,Ethan,Rippin,18,C,1979-02-03,Marry,Female,29,2019-02-11,2018-09-02
AB0390,Parker Kuvalis,Parker,Kuvalis,10,C,1965-07-09,Marry,Male,31,2019-06-17,2018-07-04
AB0391,Marshall Monahan,Marshall,Monahan,10,C,1987-11-14,Single,Female,32,2019-03-17,2018-11-05
AB0392,Trenton Cormier,Trenton,Cormier,18,P,1965-07-23,Single,Female,46,2019-09-18,2018-07-26
AB0393,Ghislaine Orn,Ghislaine,Orn,17,P,1963-05-18,Single,Male,31,2019-07-02,2018-01-07
AB0394,Mao Lynch,Mao,Lynch,11,P,1962-06-30,Single,Female,30,2019-12-11,2018-04-07
AB0395,Louetta Borer,Louetta,Borer,15,P,1972-01-15,Single,Female,41,2019-07-06,2018-07-05
AB0396,Ileana Mante,Ileana,Mante,14,P,1992-02-09,Single,Female,37,2019-09-01,2018-04-03
AB0397,Bernardo Lindgren,Bernardo,Lindgren,10,C,1964-07-14,Marry,Male,33,2019-04-22,2018-05-12
AB0398,Demetrius McCullough,Demetrius,McCullough,20,C,1983-08-09,Single,Female,35,2019-05-30,2018-09-11
AB0399,Joey Hagenes,Joey,Hagenes,17,C,1969-10-10,Marry,Male,27,2019-11-05,2018-01-15
AB0400,Noelia Feil,Noelia,Feil,10,P,1993-09-25,Single,Female,39,2019-11-04,2018-12-01
AB0401,Suzanna Predovic,Suzanna,Predovic,18,C,1975-06-04,Single,Male,27,2019-03-28,2018-02-27
AB0402,Evalyn Grady,Evalyn,Grady,12,P,1963-01-12,Single,Male,31,2019-04-01,2018-04-13
AB0403,Lavern McKenzie,Lavern,McKenzie,16,P,1958-03-30,Marry,Female,32,2019-09-17,2018-10-23
AB0404,Denise Tillman,Denise,Tillman,14,C,1996-01-10,Single,Male,47,2019-11-18,2018-02-04
AB0405,David Baumbach,David,Baumbach,10,C,1985-03-28,Marry,Male,42,2019-04-17,2018-08-18
AB0406,Otis Turner,Otis,Turner,12,C,1977-05-24,Single,Male,30,2019-01-12,2018-06-07
AB0407,Duncan Mueller,Duncan,Mueller,12,P,1968-12-13,Single,Female,37,2019-03-07,2018-07-21
AB0408,Rodolfo Bailey,Rodolfo,Bailey,11,P,1959-06-01,Single,Female,38,2019-09-18,2018-05-28
AB0409,Jackie Labadie,Jackie,Labadie,20,C,1975-04-07,Marry,Female,27,2019-10-10,2018-09-19
AB0410,Eduardo Kling,Eduardo,Kling,10,C,1957-08-18,Single,Male,45,2019-09-11,2018-11-09
AB0411,Michale Wehner,Michale,Wehner,12,P,1991-03-02,Marry,Male,32,2019-05-01,2018-01-21
AB0412,Porter Schiller,Porter,Schiller,10,C,1977-05-01,Single,Male,44,2019-05-30,2018-08-23
AB0413,Gerardo Kuhlman,Gerardo,Kuhlman,17,C,1960-10-20,Marry,Male,50,2019-08-22,2018-03-18
AB0414,Elijah Tillman,Elijah,Tillman,11,P,1966-05-25,Single,Female,33,2019-10-05,2018-01-05
AB0415,Hedy Lowe,Hedy,Lowe,18,C,1976-06-04,Marry,Male,34,2019-01-23,2018-04-24
AB0416,Lean Friesen,Lean,Friesen,20,P,1991-04-13,Single,Male,37,2019-01-23,2018-02-19
AB0417,Kassie Wolff,Kassie,Wolff,17,P,1975-05-05,Marry,Male,33,2019-01-23,2018-11-10
AB0418,Devon Anderson,Devon,Anderson,12,C,1990-07-30,Marry,Male,33,2019-11-29,2018-05-16
AB0419,Paula Gutmann,Paula,Gutmann,15,C,1986-06-12,Marry,Male,44,2019-04-28,2018-04-21
AB0420,Wilfred Denesik,Wilfred,Denesik,10,C,1994-03-11,Marry,Female,39,2019-07-05,2018-11-14
AB0421,Carmelo Reynolds,Carmelo,Reynolds,14,P,1980-01-27,Marry,Male,34,2019-11-15,2018-06-19
AB0422,Dominick Towne,Dominick,Towne,14,P,1974-04-21,Marry,Male,30,2019-12-10,2018-08-25
AB0423,Norris Lehner,Norris,Lehner,15,P,1995-05-13,Marry,Female,48,2019-01-06,2018-06-10
AB0424,Arielle Pacocha,Arielle,Pacocha,11,C,1960-12-15,Marry,Male,32,2019-09-06,2018-02-26
AB0425,Leilani Cruickshank,Leilani,Cruickshank,14,C,1964-03-22,Marry,Female,36,2019-08-28,2018-08-05
AB0426,Britta Hudson,Britta,Hudson,17,C,1982-02-22,Single,Male,36,2019-06-16,2018-04-10
AB0427,Penelope Welch,Penelope,Welch,17,C,1982-04-08,Single,Female,30,2019-01-20,2018-04-06
AB0428,Thuy Harber,Thuy,Harber,18,C,1971-06-22,Single,Male,36,2019-03-11,2018-11-09
AB0429,Quintin Kshlerin,Quintin,Kshlerin,11,C,1994-07-07,Single,Female,32,2019-12-24,2018-11-07
AB0430,Shandi Wisoky,Shandi,Wisoky,10,C,1984-08-14,Marry,Male,49,2019-05-21,2018-08-15
AB0431,Malik Franecki,Malik,Franecki,13,P,1973-05-13,Single,Male,39,2019-04-06,2018-06-10
AB0432,Vicky Murazik,Vicky,Murazik,11,P,1994-04-15,Marry,Female,38,2019-10-28,2018-03-01
AB0433,Daniel Kunze,Daniel,Kunze,17,P,1996-11-12,Single,Female,41,2019-06-21,2018-10-31
AB0434,Cameron Beahan,Cameron,Beahan,10,P,1958-07-18,Single,Female,33,2019-03-18,2018-10-22
AB0435,Gilberte Douglas,Gilberte,Douglas,17,P,1987-09-16,Marry,Male,40,2019-06-02,2018-09-26
AB0436,Randolph Kassulke,Randolph,Kassulke,20,C,1974-04-16,Single,Female,29,2019-06-17,2018-05-13
AB0437,Venus Nitzsche,Venus,Nitzsche,10,C,1957-08-29,Single,Female,35,2019-08-31,2018-08-03
AB0438,Lauralee Denesik,Lauralee,Denesik,10,P,1984-03-02,Single,Female,46,2019-06-27,2018-07-21
AB0439,Gaynelle Ward,Gaynelle,Ward,16,C,1995-01-30,Marry,Male,47,2019-06-25,2018-05-08
AB0440,Fidelia Baumbach,Fidelia,Baumbach,12,C,1976-11-15,Single,Female,41,2019-02-18,2018-05-18
AB0441,Trinidad Metz,Trinidad,Metz,13,P,1965-08-03,Marry,Female,30,2019-08-20,2018-09-10
AB0442,Silas Ernser,Silas,Ernser,20,C,1974-05-31,Single,Male,41,2019-04-07,2018-12-10
AB0443,Nikole Kessler,Nikole,Kessler,11,P,1972-09-24,Single,Male,34,2019-04-19,2018-11-11
AB0444,Otis Farrell,Otis,Farrell,17,C,1991-07-03,Marry,Male,29,2019-10-01,2018-03-12
AB0445,Soon Bauch,Soon,Bauch,12,P,1978-11-17,Single,Male,36,2019-08-09,2018-03-05
AB0446,Earlean Schinner,Earlean,Schinner,19,P,1976-10-07,Single,Female,45,2019-12-31,2018-01-03
AB0447,Lera Turcotte,Lera,Turcotte,11,P,1979-06-04,Marry,Male,34,2019-12-31,2018-11-14
AB0448,Rolland Heathcote,Rolland,Heathcote,18,P,1962-10-28,Single,Female,30,2019-12-27,2018-06-17
AB0449,Trinidad Hirthe,Trinidad,Hirthe,20,P,1969-08-29,Single,Male,43,2019-09-29,2018-06-24
AB0450,Latoyia Raynor,Latoyia,Raynor,17,C,1974-06-28,Single,Male,39,2019-11-22,2018-08-03
AB0451,Wilfred Welch,Wilfred,Welch,18,P,1972-04-17,Single,Male,47,2019-04-24,2018-10-30
AB0452,Jose Smith,Jose,Smith,15,C,1994-06-22,Single,Male,50,2019-04-12,2018-12-18
AB0453,Keila Strosin,Keila,Strosin,12,P,1965-01-16,Marry,Female,50,2019-09-30,2018-09-23
AB0454,Marivel Ankunding,Marivel,Ankunding,20,C,1975-03-17,Marry,Female,27,2019-03-20,2018-04-22
AB0455,Reyes Kessler,Reyes,Kessler,19,C,1968-08-09,Single,Female,43,2019-12-09,2018-05-08
AB0456,Keren O'Conner,Keren,O'Conner,19,C,1982-11-15,Single,Female,44,2019-06-06,2018-09-18
AB0457,Corey Heaney,Corey,Heaney,18,P,1967-02-12,Marry,Female,39,2019-08-27,2018-02-13
AB0458,Taylor McLaughlin,Taylor,McLaughlin,16,P,1962-11-03,Marry,Male,38,2019-11-07,2018-07-06
AB0459,Tasha Cormier,Tasha,Cormier,19,C,1991-11-08,Marry,Male,34,2019-06-10,2018-10-08
AB0460,Charlyn Mraz,Charlyn,Mraz,15,C,1965-11-14,Single,Female,50,2019-09-08,2018-09-21
AB0461,Chong Powlowski,Chong,Powlowski,20,C,1973-02-03,Single,Female,46,2019-11-09,2018-05-22
AB0462,Shannon Klein,Shannon,Klein,20,C,1962-07-14,Single,Female,29,2019-03-14,2018-10-27
AB0463,Trudy Corwin,Trudy,Corwin,18,P,1960-06-24,Marry,Male,43,2019-03-24,2018-01-06
AB0464,Jordan Murazik,Jordan,Murazik,17,C,1983-06-10,Marry,Male,29,2019-07-30,2018-11-12
AB0465,Anneliese Stiedemann,Anneliese,Stiedemann,16,P,1964-12-10,Marry,Female,44,2019-01-10,2018-05-11
AB0466,Shawna Schmitt,Shawna,Schmitt,18,C,1992-11-17,Single,Male,38,2019-07-03,2018-10-07
AB0467,Loriann King,Loriann,King,17,C,1988-08-21,Marry,Female,45,2019-10-15,2018-08-20
AB0468,Otha Weimann,Otha,Weimann,18,C,1974-10-22,Marry,Male,41,2019-01-16,2018-10-09
AB0469,Hai Streich,Hai,Streich,13,C,1989-12-27,Single,Female,39,2019-09-14,2018-09-22
AB0470,Sal Mayer,Sal,Mayer,19,P,1981-07-22,Single,Female,31,2019-02-11,2018-01-23
AB0471,Dwain Kiehn,Dwain,Kiehn,14,C,1987-01-23,Marry,Female,45,2019-12-04,2018-11-01
AB0472,Gene Becker,Gene,Becker,16,C,1965-11-23,Single,Male,27,2019-05-26,2018-07-07
AB0473,Mitzie Graham,Mitzie,Graham,16,P,1960-01-18,Marry,Female,34,2019-08-10,2018-10-22
AB0474,Geraldo Stoltenberg,Geraldo,Stoltenberg,10,C,1969-01-11,Marry,Female,30,2019-07-06,2018-05-06
AB0475,Kittie Hagenes,Kittie,Hagenes,10,P,1963-02-02,Marry,Female,28,2019-04-04,2018-07-09
AB0476,Krystle Gibson,Krystle,Gibson,10,P,1980-03-23,Single,Male,31,2019-03-08,2018-04-05
AB0477,Salena Cole,Salena,Cole,18,C,1972-07-27,Single,Male,43,2019-03-25,2018-05-08
AB0478,Rashida Klocko,Rashida,Klocko,14,C,1994-03-21,Single,Male,27,2019-09-20,2018-08-03
AB0479,Adolph Bradtke,Adolph,Bradtke,13,P,1960-09-08,Marry,Male,40,2019-09-12,2018-09-29
AB0480,Dalton White,Dalton,White,18,C,1970-03-02,Single,Male,38,2019-10-08,2018-01-21
AB0481,Lucille Gulgowski,Lucille,Gulgowski,20,P,1959-07-26,Marry,Male,43,2019-04-04,2018-12-04
AB0482,Cleveland Mraz,Cleveland,Mraz,15,C,1984-08-21,Single,Male,40,2019-05-12,2018-11-25
AB0483,Arlinda Tromp,Arlinda,Tromp,16,P,1995-07-30,Single,Female,40,2019-06-02,2018-04-30
AB0484,Alvaro Sanford,Alvaro,Sanford,20,C,1964-01-22,Marry,Male,48,2019-08-16,2018-12-18
AB0485,Johnie Renner,Johnie,Renner,18,P,1992-12-16,Marry,Female,38,2019-05-17,2018-05-07
AB0486,Maren Ryan,Maren,Ryan,16,C,1981-05-01,Single,Male,29,2019-06-07,2018-02-14
AB0487,Concha Beer,Concha,Beer,16,C,1988-08-26,Marry,Female,32,2019-07-25,2018-10-02
AB0488,Chance West,Chance,West,10,C,1987-10-14,Marry,Male,44,2019-04-14,2018-12-07
AB0489,Hubert Wisoky,Hubert,Wisoky,12,C,1995-03-19,Single,Male,29,2019-03-09,2018-02-12
AB0490,Brandie Legros,Brandie,Legros,17,P,1976-08-05,Marry,Male,29,2019-05-18,2018-12-20
AB0491,Jewel Stracke,Jewel,Stracke,15,P,1977-10-21,Marry,Male,48,2019-02-06,2018-04-22
AB0492,Bobbi Heathcote,Bobbi,Heathcote,15,C,1974-10-10,Single,Female,32,2019-04-07,2018-06-19
AB0493,Hiroko Oberbrunner,Hiroko,Oberbrunner,11,P,1966-04-22,Marry,Male,50,2019-12-05,2018-05-17
AB0494,Harris Wisoky,Harris,Wisoky,12,C,1983-12-21,Single,Male,34,2019-01-17,2018-06-09
AB0495,Clifford Leffler,Clifford,Leffler,12,P,1961-03-08,Marry,Male,30,2019-08-11,2018-02-06
AB0496,Emelina Crooks,Emelina,Crooks,13,C,1967-09-22,Single,Male,39,2019-10-03,2018-07-14
AB0497,Gail Heller,Gail,Heller,13,P,1979-10-17,Single,Female,43,2019-02-26,2018-09-04
AB0498,Eldridge West,Eldridge,West,16,P,1988-10-05,Single,Male,44,2019-11-23,2018-12-12
AB0499,Beckie Jacobson,Beckie,Jacobson,12,C,1986-11-07,Marry,Male,43,2019-04-02,2018-01-29
AB0500,Grover Littel,Grover,Littel,13,C,1994-06-09,Marry,Male,36,2019-11-25,2018-07-27
AB0501,Desmond Graham,Desmond,Graham,10,P,1994-12-26,Single,Female,30,2019-01-17,2018-04-23
AB0502,Enriqueta Hessel,Enriqueta,Hessel,15,P,1957-10-12,Marry,Male,35,2019-08-31,2018-11-24
AB0503,Brinda Torp,Brinda,Torp,19,P,1983-11-01,Single,Female,31,2019-05-02,2018-08-03
AB0504,Lashon Treutel,Lashon,Treutel,16,P,1965-02-21,Single,Male,50,2019-12-14,2018-03-19
AB0505,Donnell Gerlach,Donnell,Gerlach,13,P,1977-10-17,Marry,Female,32,2019-10-06,2018-08-04
AB0506,Elbert Reinger,Elbert,Reinger,15,P,1960-12-27,Single,Male,33,2019-03-07,2018-05-29
AB0507,Mallory Fadel,Mallory,Fadel,13,C,1991-05-13,Single,Male,45,2019-10-06,2018-11-01
AB0508,Sherron Windler,Sherron,Windler,15,P,1992-08-01,Single,Female,28,2019-09-28,2018-08-16
AB0509,Major Borer,Major,Borer,10,P,1966-07-05,Marry,Female,45,2019-10-20,2018-07-25
AB0510,Janelle Friesen,Janelle,Friesen,15,P,1986-08-02,Marry,Female,37,2019-07-01,2018-06-07
AB0511,Chieko Watsica,Chieko,Watsica,15,P,1963-10-18,Marry,Male,30,2019-03-05,2018-10-12
AB0512,Kaylee Jenkins,Kaylee,Jenkins,13,C,1967-06-13,Single,Female,38,2019-06-09,2018-05-30
AB0513,Melody Bergnaum,Melody,Bergnaum,20,C,1980-07-31,Single,Female,42,2019-09-28,2018-07-17
AB0514,Delana Jakubowski,Delana,Jakubowski,13,P,1996-04-09,Single,Male,29,2019-06-27,2018-09-18
AB0515,Octavia Goodwin,Octavia,Goodwin,13,C,1957-08-31,Single,Male,50,2019-03-16,2018-01-09
AB0516,Erick Cruickshank,Erick,Cruickshank,20,P,1972-10-02,Single,Male,35,2019-05-25,2018-01-22
AB0517,Kathrine Morar,Kathrine,Morar,15,C,1987-04-16,Marry,Male,27,2019-11-20,2018-03-23
AB0518,Ayanna Gibson,Ayanna,Gibson,11,P,1964-09-30,Marry,Male,49,2019-10-10,2018-08-21
AB0519,Jeannie Berge,Jeannie,Berge,18,P,1979-03-10,Single,Female,36,2019-09-05,2018-01-24
AB0520,Dawne Predovic,Dawne,Predovic,18,P,1974-03-23,Single,Male,29,2019-10-07,2018-02-18
AB0521,Heide Schuppe,Heide,Schuppe,15,P,1971-04-19,Marry,Female,39,2019-11-21,2018-11-28
AB0522,Niesha Cronin,Niesha,Cronin,10,C,1969-02-03,Single,Male,38,2019-02-07,2018-08-05
AB0523,Erasmo Glover,Erasmo,Glover,17,P,1978-10-23,Marry,Female,34,2019-04-17,2018-05-08
AB0524,Bette Weimann,Bette,Weimann,15,C,1972-08-07,Single,Male,49,2019-05-17,2018-02-23
AB0525,Guillermo Runolfsson,Guillermo,Runolfsson,20,P,1958-05-07,Single,Female,45,2019-12-12,2018-02-21
AB0526,Julio Witting,Julio,Witting,16,C,1963-12-02,Single,Male,45,2019-05-11,2018-07-23
AB0527,Odilia Treutel,Odilia,Treutel,14,P,1996-05-02,Single,Female,46,2019-06-11,2018-08-17
AB0528,Kaila Friesen,Kaila,Friesen,17,C,1958-08-06,Single,Female,31,2019-12-20,2018-07-31
AB0529,Mariella Smith,Mariella,Smith,14,P,1960-03-16,Single,Female,46,2019-05-12,2018-10-13
AB0530,Karry Donnelly,Karry,Donnelly,18,C,1961-01-21,Single,Female,47,2019-07-25,2018-01-08
AB0531,Betty Marvin,Betty,Marvin,14,P,1993-07-06,Marry,Female,31,2019-07-18,2018-08-13
AB0532,Truman Weimann,Truman,Weimann,10,C,1992-12-13,Marry,Male,43,2019-07-06,2018-12-30
AB0533,Grover Pfannerstill,Grover,Pfannerstill,12,P,1992-12-28,Marry,Female,28,2019-01-13,2018-01-16
AB0534,Merilyn Lang,Merilyn,Lang,15,C,1959-03-28,Single,Female,49,2019-03-31,2018-10-27
AB0535,Wilda Muller,Wilda,Muller,12,P,1973-03-21,Marry,Female,35,2019-04-15,2018-10-17
AB0536,Harry Mante,Harry,Mante,12,C,1984-03-07,Marry,Female,28,2019-10-19,2018-05-06
AB0537,Hellen Schiller,Hellen,Schiller,10,C,1970-06-25,Marry,Female,39,2019-03-06,2018-10-29
AB0538,Gerry Bode,Gerry,Bode,20,P,1994-11-07,Marry,Male,28,2019-06-17,2018-10-22
AB0539,Ramonita Bashirian,Ramonita,Bashirian,14,P,1972-07-18,Marry,Male,33,2019-05-03,2018-01-29
AB0540,Glennie Waters,Glennie,Waters,11,C,1975-10-04,Marry,Male,37,2019-02-09,2018-11-08
AB0541,Harley Kozey,Harley,Kozey,13,C,1993-12-13,Marry,Female,43,2019-04-30,2018-08-11
AB0542,Arlen Greenfelder,Arlen,Greenfelder,15,C,1979-07-31,Marry,Male,41,2019-05-23,2018-08-26
AB0543,Cruz MacGyver,Cruz,MacGyver,20,P,1981-04-23,Marry,Male,45,2019-10-26,2018-04-02
AB0544,Frederick Witting,Frederick,Witting,20,C,1963-06-14,Marry,Male,41,2019-06-14,2018-12-23
AB0545,Melvina Jenkins,Melvina,Jenkins,15,P,1969-02-26,Single,Male,37,2019-03-31,2018-11-07
AB0546,Buford Hessel,Buford,Hessel,13,P,1977-09-21,Marry,Male,46,2019-01-21,2018-07-04
AB0547,Ollie Rohan,Ollie,Rohan,12,P,1973-06-21,Single,Male,46,2019-05-25,2018-06-07
AB0548,Patience Hessel,Patience,Hessel,17,P,1963-08-04,Single,Female,39,2019-08-16,2018-03-31
AB0549,Jermaine Rempel,Jermaine,Rempel,15,C,1960-12-27,Single,Female,45,2019-12-17,2018-11-16
AB0550,Kyle Mertz,Kyle,Mertz,12,C,1966-01-28,Marry,Male,48,2019-10-27,2018-06-22
AB0551,Arron Stiedemann,Arron,Stiedemann,11,C,1992-02-27,Single,Female,35,2019-07-30,2018-08-14
AB0552,Jenna Morar,Jenna,Morar,14,C,1982-02-01,Single,Male,36,2019-12-05,2018-05-31
AB0553,Heriberto Paucek,Heriberto,Paucek,10,C,1977-11-17,Marry,Female,38,2019-05-21,2018-04-22
AB0554,Alton Bartoletti,Alton,Bartoletti,15,C,1957-08-28,Single,Female,39,2019-04-08,2018-06-13
AB0555,Bettie Heaney,Bettie,Heaney,20,P,1983-01-10,Single,Female,37,2019-05-26,2018-10-21
AB0556,Arlene Kertzmann,Arlene,Kertzmann,13,P,1985-01-14,Marry,Female,45,2019-11-22,2018-10-20
AB0557,Jeanice O'Keefe,Jeanice,O'Keefe,13,P,1964-08-14,Single,Female,36,2019-11-17,2018-06-05
AB0558,Robt Shields,Robt,Shields,19,P,1994-07-27,Marry,Female,48,2019-08-20,2018-02-27
AB0559,Hipolito Nicolas,Hipolito,Nicolas,15,P,1973-02-08,Marry,Male,36,2019-03-12,2018-04-04
AB0560,Maryetta Boehm,Maryetta,Boehm,13,P,1959-01-01,Marry,Female,35,2019-03-30,2018-01-27
AB0561,Sherika Yost,Sherika,Yost,13,C,1978-10-01,Single,Male,40,2019-07-18,2018-11-03
AB0562,Guillermina Cartwright,Guillermina,Cartwright,12,P,1996-05-25,Marry,Male,40,2019-03-23,2018-07-05
AB0563,Cedrick Simonis,Cedrick,Simonis,13,P,1977-07-15,Marry,Female,28,2019-10-10,2018-05-13
AB0564,Lurline Gusikowski,Lurline,Gusikowski,13,C,1964-08-02,Single,Female,29,2019-06-28,2018-06-10
AB0565,Lily Corwin,Lily,Corwin,16,C,1986-06-22,Single,Female,34,2019-10-31,2018-05-14
AB0566,Otilia Batz,Otilia,Batz,12,P,1988-09-18,Marry,Female,45,2019-08-28,2018-05-21
AB0567,Jason Streich,Jason,Streich,16,C,1991-03-20,Marry,Male,44,2019-07-07,2018-08-26
AB0568,Jovita White,Jovita,White,20,P,1974-03-02,Marry,Female,37,2019-03-17,2018-06-14
AB0569,Merrie Harber,Merrie,Harber,14,P,1987-02-16,Marry,Female,43,2019-09-26,2018-11-04
AB0570,Emery Pacocha,Emery,Pacocha,17,P,1973-06-28,Single,Female,28,2019-12-21,2018-08-15
AB0571,Alan Dooley,Alan,Dooley,20,P,1990-07-06,Marry,Female,30,2019-09-15,2018-06-16
AB0572,Tommy Little,Tommy,Little,17,P,1964-11-21,Single,Female,48,2019-07-10,2018-03-08
AB0573,Branden Rutherford,Branden,Rutherford,15,C,1982-03-03,Marry,Female,34,2019-12-26,2018-12-04
AB0574,Glenda Strosin,Glenda,Strosin,18,C,1985-12-01,Single,Female,28,2019-02-15,2018-06-12
AB0575,Marielle Yundt,Marielle,Yundt,20,P,1981-02-28,Single,Male,31,2019-11-02,2018-10-11
AB0576,Carlo Fritsch,Carlo,Fritsch,18,C,1983-03-30,Marry,Female,46,2019-10-20,2018-04-23
AB0577,Eladia Fritsch,Eladia,Fritsch,12,C,1993-10-21,Marry,Female,32,2019-07-08,2018-12-19
AB0578,Noel Renner,Noel,Renner,14,P,1983-11-14,Single,Male,39,2019-05-19,2018-03-03
AB0579,Sung Kessler,Sung,Kessler,12,P,1992-10-22,Marry,Female,44,2019-07-13,2018-07-27
AB0580,Chad Gusikowski,Chad,Gusikowski,16,P,1981-05-31,Single,Male,43,2019-09-11,2018-07-07
AB0581,Malcolm Botsford,Malcolm,Botsford,11,C,1981-05-24,Single,Male,39,2019-01-03,2018-12-18
AB0582,Rolando Labadie,Rolando,Labadie,20,P,1969-05-19,Marry,Female,37,2019-08-01,2018-11-28
AB0583,Kerry Stokes,Kerry,Stokes,14,C,1992-06-01,Single,Female,36,2019-03-30,2018-01-28
AB0584,Solange Tromp,Solange,Tromp,19,P,1965-12-31,Marry,Male,34,2019-09-11,2018-12-22
AB0585,Pauletta Spencer,Pauletta,Spencer,12,C,1962-09-11,Marry,Female,41,2019-11-16,2018-01-06
AB0586,Gretta Tremblay,Gretta,Tremblay,19,C,1967-11-22,Single,Male,43,2019-04-11,2018-07-29
AB0587,Cyrus Stark,Cyrus,Stark,20,C,1985-07-22,Marry,Male,32,2019-04-15,2018-12-04
AB0588,Elizbeth O'Conner,Elizbeth,O'Conner,18,C,1974-06-13,Single,Female,28,2019-02-06,2018-08-17
AB0589,Eusebio Runolfsson,Eusebio,Runolfsson,15,P,1994-06-13,Marry,Female,40,2019-02-01,2018-01-27
AB0590,Hoa Hagenes,Hoa,Hagenes,10,P,1964-07-08,Single,Male,45,2019-01-25,2018-02-13
AB0591,Bart Koss,Bart,Koss,20,C,1977-11-16,Single,Female,50,2019-01-02,2018-09-25
AB0592,Jessenia Buckridge,Jessenia,Buckridge,15,C,1991-10-29,Single,Male,44,2019-01-09,2018-09-08
AB0593,Miles Kirlin,Miles,Kirlin,15,P,1974-11-18,Single,Male,29,2019-05-12,2018-03-06
AB0594,Theresia Predovic,Theresia,Predovic,17,C,1996-09-16,Single,Female,31,2019-05-10,2018-07-18
AB0595,Philip Lockman,Philip,Lockman,15,P,1979-04-20,Marry,Female,36,2019-02-03,2018-11-22
AB0596,Brain Jones,Brain,Jones,18,C,1990-03-09,Marry,Male,37,2019-07-01,2018-06-22
AB0597,Gregg Carroll,Gregg,Carroll,11,P,1978-04-21,Single,Male,46,2019-10-09,2018-01-06
AB0598,Velma Rau,Velma,Rau,19,C,1974-02-23,Marry,Male,36,2019-03-02,2018-03-24
AB0599,Garland Braun,Garland,Braun,15,C,1976-01-28,Marry,Female,48,2019-11-05,2018-05-21
AB0600,Tamesha Ziemann,Tamesha,Ziemann,16,C,1974-12-25,Single,Male,44,2019-09-26,2018-10-16
AB0601,Roman Wolf,Roman,Wolf,10,C,1987-07-04,Marry,Female,49,2019-04-06,2018-05-23
AB0602,Delia Haag,Delia,Haag,11,C,1982-06-13,Single,Female,32,2019-11-26,2018-01-21
AB0603,Cindy Braun,Cindy,Braun,12,P,1962-04-10,Single,Female,45,2019-04-25,2018-01-19
AB0604,Brock Stehr,Brock,Stehr,14,P,1995-10-18,Single,Female,44,2019-11-23,2018-10-03
AB0605,Carolyn Rice,Carolyn,Rice,20,P,1958-03-29,Single,Male,45,2019-02-22,2018-02-19
AB0606,Nick Balistreri,Nick,Balistreri,18,C,1987-03-20,Marry,Male,30,2019-10-24,2018-07-04
AB0607,Ervin Renner,Ervin,Renner,14,C,1990-03-08,Single,Female,31,2019-10-25,2018-08-12
AB0608,Kaila Greenholt,Kaila,Greenholt,19,C,1976-10-03,Marry,Male,27,2019-12-18,2018-05-02
AB0609,Raleigh Leannon,Raleigh,Leannon,17,P,1996-08-16,Marry,Female,28,2019-07-02,2018-04-25
AB0610,Stephen Maggio,Stephen,Maggio,18,P,1995-09-03,Single,Female,31,2019-04-01,2018-12-02
AB0611,Lindsay Casper,Lindsay,Casper,13,P,1972-07-09,Marry,Male,46,2019-07-26,2018-07-31
AB0612,Orval Borer,Orval,Borer,16,P,1965-12-20,Marry,Female,41,2019-01-02,2018-08-31
AB0613,Maybelle Rodriguez,Maybelle,Rodriguez,17,P,1981-03-02,Marry,Female,40,2019-06-01,2018-08-12
AB0614,Quyen Kris,Quyen,Kris,16,C,1994-06-18,Marry,Female,41,2019-05-16,2018-04-12
AB0615,Piper Hansen,Piper,Hansen,13,P,1979-06-20,Marry,Male,33,2019-08-31,2018-07-13
AB0616,Wava Schowalter,Wava,Schowalter,14,P,1962-10-14,Single,Male,29,2019-06-25,2018-12-11
AB0617,Calista O'Reilly,Calista,O'Reilly,18,P,1965-06-01,Marry,Female,49,2019-08-11,2018-05-13
AB0618,Cornell Kuhlman,Cornell,Kuhlman,12,P,1970-01-25,Single,Male,41,2019-11-12,2018-01-16
AB0619,Charissa Smith,Charissa,Smith,15,C,1985-07-14,Marry,Male,47,2019-03-01,2018-12-27
AB0620,Winford Hirthe,Winford,Hirthe,10,P,1958-09-22,Marry,Male,30,2019-10-05,2018-02-22
AB0621,Justa Wehner,Justa,Wehner,17,P,1962-02-07,Marry,Female,34,2019-07-19,2018-05-31
AB0622,Basil Greenholt,Basil,Greenholt,20,P,1968-04-19,Single,Female,49,2019-08-23,2018-11-23
AB0623,Chris Jacobi,Chris,Jacobi,15,C,1990-10-22,Marry,Female,46,2019-10-19,2018-11-01
AB0624,Tamra Becker,Tamra,Becker,18,P,1964-05-28,Marry,Female,38,2019-01-06,2018-09-24
AB0625,Kassandra Anderson,Kassandra,Anderson,18,C,1973-04-14,Marry,Female,27,2019-03-04,2018-01-02
AB0626,Ione Gerhold,Ione,Gerhold,14,P,1963-01-20,Single,Male,40,2019-10-05,2018-06-19
AB0627,Chara Cummings,Chara,Cummings,11,C,1976-05-08,Single,Female,29,2019-04-09,2018-02-23
AB0628,Jacinda Wilkinson,Jacinda,Wilkinson,15,P,1962-02-27,Marry,Male,48,2019-03-14,2018-10-14
AB0629,Roberto Weimann,Roberto,Weimann,14,C,1968-11-04,Single,Male,36,2019-12-09,2018-02-25
AB0630,Alberta Carroll,Alberta,Carroll,19,C,1967-11-23,Single,Female,41,2019-06-10,2018-01-31
AB0631,Piper Greenholt,Piper,Greenholt,18,P,1994-12-26,Marry,Male,49,2019-08-04,2018-01-01
AB0632,Lawrence Conn,Lawrence,Conn,12,P,1974-11-16,Marry,Male,46,2019-08-27,2018-08-20
AB0633,Antony Hessel,Antony,Hessel,14,P,1989-07-19,Marry,Male,31,2019-10-19,2018-05-07
AB0634,Mindy Morissette,Mindy,Morissette,15,C,1981-06-20,Marry,Female,43,2019-02-21,2018-12-30
AB0635,Ambrose Turner,Ambrose,Turner,10,C,1961-08-23,Marry,Male,30,2019-02-02,2018-02-07
AB0636,Eve Gutkowski,Eve,Gutkowski,18,P,1969-06-14,Single,Female,42,2019-08-11,2018-07-18
AB0637,Mora Kozey,Mora,Kozey,14,C,1994-10-18,Marry,Male,37,2019-12-18,2018-05-26
AB0638,Gustavo Kuvalis,Gustavo,Kuvalis,11,C,1982-02-13,Marry,Female,46,2019-10-14,2018-11-01
AB0639,Maryjane Mitchell,Maryjane,Mitchell,17,C,1992-02-14,Single,Male,33,2019-12-23,2018-05-02
AB0640,Wilber Dietrich,Wilber,Dietrich,20,P,1970-02-26,Marry,Male,40,2019-09-28,2018-12-08
AB0641,Laurence Pouros,Laurence,Pouros,10,P,1989-04-22,Single,Male,38,2019-04-26,2018-06-11
AB0642,Cecily Mitchell,Cecily,Mitchell,20,C,1982-02-25,Single,Male,36,2019-02-18,2018-02-07
AB0643,Roy Maggio,Roy,Maggio,13,C,1995-02-20,Marry,Female,33,2019-10-03,2018-10-16
AB0644,Kenda Rutherford,Kenda,Rutherford,19,P,1986-09-20,Single,Male,41,2019-03-26,2018-03-22
AB0645,Benedict Mertz,Benedict,Mertz,15,C,1982-02-01,Marry,Male,35,2019-05-09,2018-08-04
AB0646,Sarai Lesch,Sarai,Lesch,10,C,1990-06-25,Marry,Male,27,2019-01-08,2018-11-29
AB0647,Ida Christiansen,Ida,Christiansen,16,C,1968-10-18,Single,Male,27,2019-03-18,2018-07-27
AB0648,Roosevelt Hammes,Roosevelt,Hammes,12,C,1968-08-04,Marry,Male,41,2019-03-11,2018-11-17
AB0649,Kasandra VonRueden,Kasandra,VonRueden,11,C,1994-09-21,Marry,Male,47,2019-07-30,2018-12-01
AB0650,Shanon Stanton,Shanon,Stanton,14,P,1965-09-29,Marry,Female,46,2019-08-14,2018-02-28
AB0651,Williemae Hessel,Williemae,Hessel,17,P,1964-03-01,Single,Female,33,2019-10-09,2018-10-07
AB0652,Eleanore Tromp,Eleanore,Tromp,17,P,1976-10-22,Single,Female,50,2019-05-10,2018-06-04
AB0653,Clifton Rodriguez,Clifton,Rodriguez,10,P,1975-06-12,Single,Male,44,2019-09-19,2018-05-19
AB0654,Gay Osinski,Gay,Osinski,14,C,1995-10-18,Single,Male,41,2019-09-02,2018-06-09
AB0655,Leigh West,Leigh,West,13,C,1984-04-14,Single,Female,46,2019-07-23,2018-10-12
AB0656,Suzan Lueilwitz,Suzan,Lueilwitz,15,C,1962-12-20,Single,Male,42,2019-10-06,2018-07-05
AB0657,Shaquana Kunde,Shaquana,Kunde,14,C,1994-02-06,Single,Female,44,2019-11-21,2018-04-05
AB0658,Daphine Schamberger,Daphine,Schamberger,20,P,1976-12-29,Single,Female,32,2019-08-17,2018-04-15
AB0659,Lolita Reilly,Lolita,Reilly,15,C,1982-08-19,Single,Female,44,2019-11-30,2018-06-29
AB0660,Pricilla Swift,Pricilla,Swift,15,P,1980-01-30,Marry,Female,45,2019-09-15,2018-01-08
AB0661,Napoleon Donnelly,Napoleon,Donnelly,13,C,1971-03-01,Single,Male,46,2019-09-17,2018-09-07
AB0662,Philomena Jones,Philomena,Jones,14,C,1957-03-05,Single,Female,49,2019-07-11,2018-03-12
AB0663,Lenny Waelchi,Lenny,Waelchi,12,P,1988-07-01,Marry,Female,42,2019-10-21,2018-07-02
AB0664,Kenyetta Block,Kenyetta,Block,15,P,1986-02-05,Marry,Male,34,2019-07-06,2018-06-08
AB0665,Travis Gusikowski,Travis,Gusikowski,10,P,1985-08-27,Marry,Female,35,2019-12-05,2018-10-16
AB0666,Rob Wunsch,Rob,Wunsch,10,P,1979-01-23,Single,Male,35,2019-11-04,2018-11-18
AB0667,Darius Jacobi,Darius,Jacobi,15,C,1993-09-28,Single,Male,40,2019-01-20,2018-12-30
AB0668,Dane Barton,Dane,Barton,20,C,1996-09-04,Single,Male,37,2019-08-02,2018-06-20
AB0669,Bula Pollich,Bula,Pollich,16,C,1967-07-20,Marry,Female,33,2019-12-31,2018-08-05
AB0670,Blondell Runte,Blondell,Runte,13,C,1991-11-17,Marry,Female,27,2019-09-03,2018-09-29
AB0671,Carson Smith,Carson,Smith,13,P,1963-01-03,Marry,Female,38,2019-09-27,2018-04-23
AB0672,Hertha Mante,Hertha,Mante,14,P,1975-01-03,Marry,Female,38,2019-05-14,2018-06-22
AB0673,Nobuko Parisian,Nobuko,Parisian,20,C,1967-01-09,Marry,Male,40,2019-05-23,2018-02-02
AB0674,Cami Krajcik,Cami,Krajcik,18,C,1996-05-06,Marry,Male,45,2019-03-12,2018-09-17
AB0675,Kai Shields,Kai,Shields,18,C,1990-08-30,Marry,Female,49,2019-10-11,2018-02-13
AB0676,Shane Kihn,Shane,Kihn,18,C,1965-07-09,Single,Female,39,2019-09-19,2018-10-26
AB0677,Alissa Medhurst,Alissa,Medhurst,15,C,1968-04-08,Single,Female,48,2019-11-05,2018-01-31
AB0678,Kellee Lockman,Kellee,Lockman,14,C,1976-03-16,Single,Male,40,2019-02-19,2018-10-03
AB0679,Efren Kunde,Efren,Kunde,19,P,1964-03-06,Single,Male,31,2019-02-05,2018-08-15
AB0680,Marvis Hermiston,Marvis,Hermiston,16,P,1986-11-12,Marry,Female,27,2019-04-10,2018-06-19
AB0681,Tegan Marquardt,Tegan,Marquardt,17,C,1973-09-27,Single,Female,40,2019-03-04,2018-02-25
AB0682,In Raynor,In,Raynor,17,P,1992-09-03,Single,Male,31,2019-06-30,2018-12-22
AB0683,Karrie Walker,Karrie,Walker,10,C,1972-05-26,Single,Male,30,2019-02-07,2018-06-01
AB0684,Cameron Gerlach,Cameron,Gerlach,13,P,1962-06-25,Marry,Male,36,2019-09-25,2018-08-15
AB0685,Gail Carroll,Gail,Carroll,20,C,1975-06-27,Single,Female,45,2019-04-07,2018-05-22
AB0686,Ellsworth Bogisich,Ellsworth,Bogisich,18,C,1970-09-26,Single,Male,32,2019-04-09,2018-03-10
AB0687,Rudolf O'Conner,Rudolf,O'Conner,13,P,1964-10-18,Marry,Female,27,2019-10-17,2018-07-16
AB0688,Kieth Cummings,Kieth,Cummings,16,P,1992-06-10,Marry,Female,50,2019-08-27,2018-06-17
AB0689,Teofila Zulauf,Teofila,Zulauf,18,P,1983-07-13,Marry,Female,39,2019-03-31,2018-05-16
AB0690,Quincy Kovacek,Quincy,Kovacek,16,C,1980-03-19,Marry,Male,43,2019-01-09,2018-12-10
AB0691,Carina Stroman,Carina,Stroman,17,C,1969-11-01,Single,Female,40,2019-08-16,2018-05-29
AB0692,Darrick Rodriguez,Darrick,Rodriguez,11,C,1963-07-21,Marry,Female,30,2019-07-02,2018-04-15
AB0693,Gussie Kuhic,Gussie,Kuhic,12,C,1992-03-27,Single,Female,28,2019-04-17,2018-04-05
AB0694,Josphine Russel,Josphine,Russel,18,C,1958-04-23,Marry,Male,27,2019-10-04,2018-01-04
AB0695,Selina Larson,Selina,Larson,16,P,1993-01-27,Single,Female,36,2019-06-24,2018-02-09
AB0696,Nikita Ullrich,Nikita,Ullrich,20,C,1963-11-17,Single,Female,46,2019-11-20,2018-07-07
AB0697,Loise Terry,Loise,Terry,17,C,1989-12-19,Marry,Male,49,2019-03-01,2018-01-10
AB0698,Ali Gleichner,Ali,Gleichner,18,C,1974-08-23,Marry,Female,30,2019-09-21,2018-09-22
AB0699,Eve Effertz,Eve,Effertz,15,C,1973-07-02,Single,Male,36,2019-06-25,2018-05-31
AB0700,Barbera Sipes,Barbera,Sipes,11,P,1991-01-29,Single,Female,50,2019-09-20,2018-06-08
AB0701,Galen Kovacek,Galen,Kovacek,11,C,1967-07-09,Marry,Male,28,2019-01-09,2018-12-28
AB0702,Noe Bergnaum,Noe,Bergnaum,20,P,1992-08-07,Single,Male,33,2019-05-20,2018-01-30
AB0703,Pearl Boyer,Pearl,Boyer,12,P,1963-09-19,Marry,Male,41,2019-06-27,2018-06-29
AB0704,Luciano Hackett,Luciano,Hackett,12,C,1967-01-20,Single,Female,47,2019-06-30,2018-05-17
AB0705,Lindsay Graham,Lindsay,Graham,12,C,1961-02-24,Single,Female,47,2019-09-11,2018-09-18
AB0706,Odell McKenzie,Odell,McKenzie,18,C,1994-03-22,Single,Female,36,2019-12-28,2018-09-16
AB0707,Annabel Casper,Annabel,Casper,16,P,1959-05-06,Marry,Male,49,2019-05-02,2018-02-10
AB0708,Tonette Jakubowski,Tonette,Jakubowski,20,C,1983-12-22,Marry,Female,27,2019-09-24,2018-06-21
AB0709,Angel Hessel,Angel,Hessel,19,C,1972-08-08,Single,Female,39,2019-12-12,2018-11-02
AB0710,Harland Runte,Harland,Runte,12,P,1981-11-16,Single,Female,27,2019-04-18,2018-08-16
AB0711,Ezequiel Gerhold,Ezequiel,Gerhold,12,C,1959-07-23,Single,Male,35,2019-11-12,2018-03-25
AB0712,Leon Maggio,Leon,Maggio,11,P,1974-06-22,Marry,Male,44,2019-09-03,2018-05-27
AB0713,Randell Treutel,Randell,Treutel,12,C,1992-10-31,Marry,Female,43,2019-10-19,2018-01-19
AB0714,Ray Hand,Ray,Hand,10,P,1967-04-11,Marry,Female,29,2019-08-18,2018-04-15
AB0715,Avis Wuckert,Avis,Wuckert,16,P,1987-06-02,Single,Male,35,2019-02-25,2018-09-08
AB0716,Jackson Robel,Jackson,Robel,11,C,1973-02-08,Marry,Male,46,2019-09-19,2018-08-24
AB0717,Bettina Hodkiewicz,Bettina,Hodkiewicz,11,P,1973-12-20,Marry,Male,32,2019-01-30,2018-02-20
AB0718,Zella Bashirian,Zella,Bashirian,19,C,1980-12-08,Single,Female,29,2019-04-21,2018-07-02
AB0719,Jacklyn Lehner,Jacklyn,Lehner,16,C,1973-07-22,Single,Male,29,2019-07-31,2018-11-03
AB0720,Guillermo Heathcote,Guillermo,Heathcote,14,C,1996-09-29,Marry,Male,46,2019-10-11,2018-05-04
AB0721,Tamala Gleichner,Tamala,Gleichner,18,C,1960-09-06,Single,Female,29,2019-05-25,2018-10-20
AB0722,Ines Kutch,Ines,Kutch,15,C,1995-10-22,Marry,Female,33,2019-11-12,2018-08-12
AB0723,Cassie Kohler,Cassie,Kohler,10,C,1982-04-03,Marry,Female,42,2019-03-21,2018-03-16
AB0724,Sherlene Haley,Sherlene,Haley,19,C,1990-03-09,Marry,Female,49,2019-05-01,2018-03-06
AB0725,Moises Satterfield,Moises,Satterfield,16,C,1992-05-09,Single,Male,45,2019-02-02,2018-02-14
AB0726,Maryam Weimann,Maryam,Weimann,13,P,1957-09-15,Single,Female,36,2019-08-03,2018-11-03
AB0727,Salvatore Deckow,Salvatore,Deckow,19,C,1994-03-30,Single,Male,43,2019-08-22,2018-08-31
AB0728,Dottie Hodkiewicz,Dottie,Hodkiewicz,11,C,1984-03-19,Marry,Male,39,2019-06-10,2018-10-09
AB0729,Raymon Hintz,Raymon,Hintz,10,C,1990-01-13,Marry,Female,34,2019-10-21,2018-11-18
AB0730,Jackelyn Parker,Jackelyn,Parker,12,C,1959-02-09,Single,Male,34,2019-02-06,2018-03-15
AB0731,Darnell McLaughlin,Darnell,McLaughlin,15,P,1960-02-06,Marry,Male,35,2019-08-14,2018-08-17
AB0732,Abbey Gleason,Abbey,Gleason,19,P,1985-11-21,Single,Male,47,2019-04-08,2018-04-21
AB0733,Jared Koss,Jared,Koss,15,P,1976-05-12,Marry,Male,49,2019-03-05,2018-03-06
AB0734,Sherrill Frami,Sherrill,Frami,17,P,1984-11-04,Single,Male,47,2019-09-21,2018-01-23
AB0735,Saul Gulgowski,Saul,Gulgowski,19,P,1991-10-13,Marry,Male,44,2019-05-21,2018-09-11
AB0736,Lavina Armstrong,Lavina,Armstrong,15,C,1983-10-25,Single,Female,38,2019-09-24,2018-09-27
AB0737,Arlinda Cronin,Arlinda,Cronin,17,C,1984-01-28,Marry,Male,28,2019-01-10,2018-05-14
AB0738,Hyman Kertzmann,Hyman,Kertzmann,15,C,1987-12-07,Marry,Female,40,2019-02-27,2018-01-15
AB0739,Elisa Jast,Elisa,Jast,10,P,1995-06-13,Marry,Female,35,2019-08-13,2018-01-13
AB0740,Valentine Funk,Valentine,Funk,11,P,1976-09-06,Marry,Male,33,2019-11-22,2018-01-23
AB0741,Fran Davis,Fran,Davis,11,C,1963-10-03,Single,Female,29,2019-06-03,2018-06-30
AB0742,Maud O'Reilly,Maud,O'Reilly,14,C,1964-10-14,Marry,Male,43,2019-05-24,2018-05-27
AB0743,Ramon Orn,Ramon,Orn,14,P,1971-09-28,Single,Female,49,2019-08-14,2018-06-08
AB0744,Dick Davis,Dick,Davis,12,P,1991-05-11,Single,Male,39,2019-05-19,2018-04-18
AB0745,Nicholle Hansen,Nicholle,Hansen,17,P,1992-01-11,Marry,Male,45,2019-11-23,2018-07-07
AB0746,Kiesha Fadel,Kiesha,Fadel,18,P,1970-05-31,Marry,Female,38,2019-01-24,2018-07-21
AB0747,Tiffany Roberts,Tiffany,Roberts,12,C,1967-04-02,Single,Male,49,2019-08-09,2018-10-31
AB0748,Sudie Barton,Sudie,Barton,19,C,1979-02-08,Marry,Male,44,2019-10-22,2018-06-22
AB0749,Roger Gulgowski,Roger,Gulgowski,16,P,1975-01-23,Marry,Female,34,2019-01-10,2018-01-15
AB0750,Flora Hintz,Flora,Hintz,16,P,1994-04-13,Marry,Female,36,2019-05-26,2018-11-04
AB0751,Jewell Kemmer,Jewell,Kemmer,19,P,1966-11-11,Single,Male,38,2019-10-06,2018-03-11
AB0752,Dimple Baumbach,Dimple,Baumbach,11,C,1964-05-17,Marry,Male,45,2019-06-10,2018-01-17
AB0753,Roger Prosacco,Roger,Prosacco,19,P,1993-01-16,Single,Male,39,2019-11-03,2018-02-27
AB0754,Marco Parisian,Marco,Parisian,14,P,1992-03-12,Marry,Male,28,2019-01-08,2018-05-02
AB0755,Coralie Kautzer,Coralie,Kautzer,19,P,1973-09-24,Marry,Male,44,2019-03-29,2018-05-16
AB0756,Pandora Torphy,Pandora,Torphy,20,C,1978-11-19,Marry,Female,28,2019-04-08,2018-10-02
AB0757,Daron Boyer,Daron,Boyer,18,C,1964-01-27,Single,Female,39,2019-09-19,2018-04-06
AB0758,Malisa Wehner,Malisa,Wehner,14,C,1963-04-30,Marry,Male,36,2019-09-30,2018-10-25
AB0759,Tad Hermiston,Tad,Hermiston,13,P,1978-08-20,Single,Female,47,2019-10-12,2018-02-09
AB0760,Verda Bode,Verda,Bode,15,P,1962-06-25,Marry,Female,29,2019-03-28,2018-10-12
AB0761,Nicolette Satterfield,Nicolette,Satterfield,14,C,1961-08-31,Marry,Female,34,2019-01-06,2018-06-26
AB0762,Agustin Wunsch,Agustin,Wunsch,13,P,1990-09-21,Single,Female,38,2019-11-13,2018-10-10
AB0763,Lola Beer,Lola,Beer,18,P,1995-05-11,Marry,Female,35,2019-09-22,2018-06-15
AB0764,Alfonzo Farrell,Alfonzo,Farrell,14,P,1990-01-09,Marry,Male,42,2019-08-08,2018-04-11
AB0765,Lanita Herman,Lanita,Herman,17,C,1968-02-24,Single,Male,46,2019-11-25,2018-03-21
AB0766,Lael Senger,Lael,Senger,15,P,1974-01-16,Single,Female,36,2019-02-03,2018-11-11
AB0767,Kerry Hoeger,Kerry,Hoeger,18,C,1989-06-25,Marry,Female,42,2019-05-31,2018-05-06
AB0768,Avelina Carter,Avelina,Carter,15,C,1961-11-20,Single,Female,42,2019-07-06,2018-11-14
AB0769,Terrance Watsica,Terrance,Watsica,17,P,1968-12-11,Marry,Male,28,2019-09-02,2018-01-22
AB0770,Rhea Nikolaus,Rhea,Nikolaus,13,C,1982-05-07,Single,Female,27,2019-12-29,2018-09-13
AB0771,Juliet Schmitt,Juliet,Schmitt,19,P,1993-08-02,Marry,Male,28,2019-05-30,2018-11-02
AB0772,Edyth Lemke,Edyth,Lemke,14,C,1991-04-30,Marry,Male,40,2019-03-09,2018-04-03
AB0773,Charley Bartell,Charley,Bartell,12,P,1995-05-19,Marry,Male,36,2019-05-13,2018-03-14
AB0774,Joshua Johnson,Joshua,Johnson,20,C,1969-12-21,Marry,Male,50,2019-09-12,2018-03-09
AB0775,Alycia Franecki,Alycia,Franecki,15,C,1994-12-25,Marry,Male,44,2019-04-25,2018-02-08
AB0776,Gary Kling,Gary,Kling,14,C,1967-04-29,Marry,Female,32,2019-10-14,2018-11-18
AB0777,Krishna Ledner,Krishna,Ledner,17,C,1961-10-31,Marry,Female,38,2019-05-22,2018-01-25
AB0778,Xochitl Hudson,Xochitl,Hudson,18,P,1976-01-20,Single,Male,34,2019-08-06,2018-04-15
AB0779,Eric McClure,Eric,McClure,12,C,1976-04-22,Single,Female,47,2019-02-23,2018-11-21
AB0780,Chanda D'Amore,Chanda,D'Amore,11,C,1973-07-28,Single,Male,49,2019-01-07,2018-06-17
AB0781,Jeanne Ebert,Jeanne,Ebert,17,P,1963-11-22,Marry,Male,34,2019-07-01,2018-01-23
AB0782,Agnus Stanton,Agnus,Stanton,19,P,1958-11-30,Marry,Male,49,2019-10-28,2018-08-19
AB0783,Dion Stamm,Dion,Stamm,16,P,1993-11-01,Single,Female,30,2019-11-10,2018-12-17
AB0784,Sulema Hettinger,Sulema,Hettinger,10,C,1958-02-09,Marry,Male,36,2019-07-12,2018-05-22
AB0785,Christene Ruecker,Christene,Ruecker,18,C,1961-05-27,Single,Male,38,2019-12-20,2018-09-10
AB0786,Ouida O'Keefe,Ouida,O'Keefe,19,P,1980-11-08,Single,Female,50,2019-12-16,2018-06-24
AB0787,Clint Schiller,Clint,Schiller,19,P,1978-06-27,Single,Male,43,2019-09-11,2018-04-03
AB0788,Todd Goodwin,Todd,Goodwin,11,P,1989-04-01,Single,Male,36,2019-08-11,2018-04-16
AB0789,Vincent Purdy,Vincent,Purdy,13,P,1976-03-11,Single,Male,36,2019-08-15,2018-06-13
AB0790,Jeffrey Gerlach,Jeffrey,Gerlach,10,P,1971-12-27,Single,Female,30,2019-08-26,2018-02-16
AB0791,Benjamin Bednar,Benjamin,Bednar,12,C,1967-08-13,Single,Female,34,2019-09-14,2018-07-21
AB0792,Aline Dickinson,Aline,Dickinson,12,P,1969-06-29,Single,Female,33,2019-12-26,2018-12-11
AB0793,Lori Mann,Lori,Mann,15,C,1979-01-18,Single,Male,38,2019-04-24,2018-06-26
AB0794,Robena Ritchie,Robena,Ritchie,10,C,1967-06-09,Single,Female,34,2019-01-05,2018-12-15
AB0795,Rhonda Kuvalis,Rhonda,Kuvalis,15,P,1987-03-01,Single,Female,39,2019-07-29,2018-04-03
AB0796,Leopoldo Abbott,Leopoldo,Abbott,15,C,1984-02-25,Single,Male,27,2019-07-24,2018-07-04
AB0797,Freida Sporer,Freida,Sporer,18,P,1967-07-31,Marry,Male,31,2019-01-22,2018-02-28
AB0798,Ervin Mitchell,Ervin,Mitchell,17,C,1983-02-14,Marry,Female,36,2019-05-04,2018-12-15
AB0799,Vincenzo Gutkowski,Vincenzo,Gutkowski,17,C,1960-12-31,Single,Male,48,2019-04-17,2018-05-17
AB0800,Maryjo Hackett,Maryjo,Hackett,14,P,1984-05-25,Marry,Female,31,2019-10-04,2018-05-24
AB0801,Gail Roberts,Gail,Roberts,15,C,1979-03-10,Marry,Female,49,2019-03-13,2018-12-24
AB0802,Constance Torp,Constance,Torp,13,C,1973-04-21,Single,Male,31,2019-11-16,2018-11-01
AB0803,Preston Legros,Preston,Legros,17,P,1962-11-05,Single,Male,36,2019-02-24,2018-11-14
AB0804,Denny Ullrich,Denny,Ullrich,11,C,1995-08-09,Marry,Male,30,2019-07-05,2018-07-13
AB0805,Stephen Corwin,Stephen,Corwin,14,C,1968-11-14,Single,Female,38,2019-09-23,2018-08-09
AB0806,George Simonis,George,Simonis,10,C,1957-02-23,Marry,Female,32,2019-11-11,2018-10-13
AB0807,Lurlene Abernathy,Lurlene,Abernathy,15,P,1964-06-19,Single,Male,36,2019-05-17,2018-03-28
AB0808,Cecil Rosenbaum,Cecil,Rosenbaum,13,C,1973-09-27,Marry,Female,37,2019-10-31,2018-06-23
AB0809,Georgette Dach,Georgette,Dach,12,P,1960-11-12,Single,Male,49,2019-09-16,2018-05-22
AB0810,Leon Kautzer,Leon,Kautzer,13,P,1959-09-03,Single,Male,37,2019-11-22,2018-03-21
AB0811,Marjory Hoeger,Marjory,Hoeger,19,C,1957-04-14,Marry,Female,36,2019-06-16,2018-10-19
AB0812,Lu Stiedemann,Lu,Stiedemann,16,C,1972-12-05,Marry,Male,41,2019-11-17,2018-02-15
AB0813,Leoma Macejkovic,Leoma,Macejkovic,10,C,1988-08-12,Marry,Female,47,2019-11-25,2018-11-04
AB0814,Luis Metz,Luis,Metz,11,P,1958-06-07,Marry,Female,44,2019-08-04,2018-02-24
AB0815,Marcelino Sipes,Marcelino,Sipes,16,P,1964-07-16,Single,Female,38,2019-06-22,2018-08-30
AB0816,Shirleen Bashirian,Shirleen,Bashirian,10,C,1995-01-08,Marry,Female,33,2019-06-20,2018-01-09
AB0817,Pablo Hane,Pablo,Hane,13,P,1987-02-09,Marry,Female,30,2019-08-03,2018-09-21
AB0818,Lilla Lehner,Lilla,Lehner,11,C,1975-03-07,Marry,Male,47,2019-04-10,2018-01-12
AB0819,Yaeko Rogahn,Yaeko,Rogahn,18,P,1969-06-01,Single,Female,41,2019-02-15,2018-07-13
AB0820,Lisabeth Leuschke,Lisabeth,Leuschke,11,P,1980-11-26,Single,Male,32,2019-10-24,2018-08-23
AB0821,Cletus Braun,Cletus,Braun,10,P,1980-07-03,Marry,Male,35,2019-07-16,2018-01-15
AB0822,Amal Larkin,Amal,Larkin,12,P,1975-09-29,Marry,Female,35,2019-11-07,2018-02-27
AB0823,Devin Grady,Devin,Grady,15,C,1980-01-27,Single,Male,47,2019-01-20,2018-08-22
AB0824,Marisela Rogahn,Marisela,Rogahn,14,C,1959-01-30,Single,Male,37,2019-05-20,2018-07-30
AB0825,Evelina Marvin,Evelina,Marvin,17,P,1970-03-24,Marry,Male,37,2019-10-16,2018-01-25
AB0826,Kimberly Bednar,Kimberly,Bednar,10,C,1978-01-12,Single,Female,32,2019-07-27,2018-12-08
AB0827,Latosha Schneider,Latosha,Schneider,10,C,1966-07-15,Single,Female,27,2019-10-19,2018-06-19
AB0828,Elza Bergstrom,Elza,Bergstrom,12,C,1978-12-19,Single,Female,47,2019-05-31,2018-08-16
AB0829,Bryan Bailey,Bryan,Bailey,11,C,1977-05-13,Marry,Male,38,2019-04-17,2018-08-11
AB0830,Paris Mills,Paris,Mills,17,P,1991-04-13,Single,Male,40,2019-10-09,2018-05-20
AB0831,Shemeka Kiehn,Shemeka,Kiehn,19,C,1995-09-04,Marry,Female,33,2019-09-12,2018-09-18
AB0832,Season Haag,Season,Haag,15,C,1963-07-23,Marry,Female,40,2019-07-25,2018-09-25
AB0833,Kirby Wunsch,Kirby,Wunsch,12,C,1992-04-30,Marry,Female,45,2019-12-02,2018-03-05
AB0834,Mia Durgan,Mia,Durgan,16,C,1958-06-01,Single,Male,50,2019-02-12,2018-04-14
AB0835,Scarlett Mitchell,Scarlett,Mitchell,19,P,1967-09-23,Single,Female,41,2019-04-20,2018-06-03
AB0836,Stephania Botsford,Stephania,Botsford,18,C,1986-08-11,Marry,Male,28,2019-12-11,2018-09-05
AB0837,Devona Schaefer,Devona,Schaefer,17,C,1968-08-01,Marry,Male,29,2019-10-12,2018-01-02
AB0838,Vincenzo Runte,Vincenzo,Runte,20,C,1979-04-03,Single,Female,37,2019-11-01,2018-07-29
AB0839,Alix Stark,Alix,Stark,19,P,1995-05-09,Single,Female,48,2019-03-13,2018-03-27
AB0840,Ernesto Fadel,Ernesto,Fadel,19,P,1996-03-31,Single,Male,50,2019-01-25,2018-05-20
AB0841,Clarinda Runolfsdottir,Clarinda,Runolfsdottir,17,P,1970-11-13,Single,Male,46,2019-04-26,2018-02-08
AB0842,Wally Bergnaum,Wally,Bergnaum,10,C,1994-12-30,Marry,Male,29,2019-02-23,2018-10-09
AB0843,Rico O'Conner,Rico,O'Conner,13,P,1962-11-20,Single,Male,30,2019-07-02,2018-02-14
AB0844,Theresia Renner,Theresia,Renner,11,P,1987-01-05,Marry,Female,40,2019-04-10,2018-03-26
AB0845,Ernesto Witting,Ernesto,Witting,14,P,1975-10-19,Single,Female,49,2019-07-10,2018-11-22
AB0846,Newton Medhurst,Newton,Medhurst,16,C,1987-12-01,Single,Male,50,2019-05-18,2018-12-09
AB0847,Karla Haag,Karla,Haag,20,P,1994-09-26,Single,Female,34,2019-07-31,2018-11-12
AB0848,Laticia McLaughlin,Laticia,McLaughlin,18,P,1980-11-08,Marry,Female,45,2019-03-15,2018-03-05
AB0849,Isabell Cremin,Isabell,Cremin,20,P,1966-01-17,Single,Female,48,2019-12-09,2018-05-31
AB0850,Felicidad Botsford,Felicidad,Botsford,18,P,1993-07-08,Marry,Female,45,2019-09-16,2018-08-22
AB0851,Merissa Christiansen,Merissa,Christiansen,11,C,1981-05-26,Single,Male,38,2019-11-09,2018-06-17
AB0852,Johna Schamberger,Johna,Schamberger,10,C,1993-08-07,Marry,Male,44,2019-07-30,2018-07-14
AB0853,Larita Grant,Larita,Grant,15,P,1966-12-05,Single,Female,42,2019-03-08,2018-03-31
AB0854,Kathey Ullrich,Kathey,Ullrich,12,P,1992-06-29,Marry,Male,50,2019-10-24,2018-03-07
AB0855,Eleonora Quitzon,Eleonora,Quitzon,15,P,1964-08-10,Single,Female,31,2019-10-11,2018-12-06
AB0856,Travis Pacocha,Travis,Pacocha,15,P,1969-05-29,Single,Female,42,2019-02-01,2018-09-18
AB0857,Angie Kulas,Angie,Kulas,13,C,1995-03-14,Marry,Male,43,2019-07-24,2018-02-22
AB0858,Blaine Lind,Blaine,Lind,14,P,1985-03-31,Single,Female,41,2019-09-26,2018-12-10
AB0859,Tyrone Sauer,Tyrone,Sauer,20,C,1986-05-18,Marry,Female,28,2019-02-25,2018-07-21
AB0860,Sid O'Hara,Sid,O'Hara,16,P,1986-02-01,Marry,Male,35,2019-07-18,2018-09-07
AB0861,Kimi Larson,Kimi,Larson,15,C,1995-01-20,Marry,Female,49,2019-05-10,2018-05-19
AB0862,Deidra Haag,Deidra,Haag,13,P,1968-01-11,Single,Female,41,2019-03-07,2018-09-05
AB0863,Jessie McLaughlin,Jessie,McLaughlin,10,P,1985-05-07,Single,Female,40,2019-06-17,2018-10-06
AB0864,Horace Sporer,Horace,Sporer,20,C,1975-05-02,Marry,Male,49,2019-06-20,2018-06-01
AB0865,Jetta Schroeder,Jetta,Schroeder,19,C,1973-12-06,Marry,Male,38,2019-10-26,2018-08-05
AB0866,Marlin Howe,Marlin,Howe,14,P,1958-03-02,Marry,Male,42,2019-04-07,2018-04-09
AB0867,Nick Pfannerstill,Nick,Pfannerstill,14,C,1989-07-06,Marry,Male,34,2019-12-02,2018-07-20
AB0868,Noble Braun,Noble,Braun,15,C,1991-08-27,Marry,Male,35,2019-01-03,2018-05-11
AB0869,Truman Bartell,Truman,Bartell,10,C,1996-02-06,Marry,Male,36,2019-01-07,2018-06-04
AB0870,Chi Nader,Chi,Nader,10,P,1986-08-24,Marry,Female,27,2019-03-10,2018-12-03
AB0871,Kristie Kemmer,Kristie,Kemmer,11,C,1968-11-06,Single,Male,37,2019-06-18,2018-07-07
AB0872,Robert Volkman,Robert,Volkman,15,P,1959-10-09,Single,Male,44,2019-03-25,2018-04-29
AB0873,Mohamed Ankunding,Mohamed,Ankunding,17,C,1960-11-17,Marry,Male,29,2019-11-06,2018-06-06
AB0874,Juanita Gerlach,Juanita,Gerlach,20,C,1975-03-19,Marry,Female,43,2019-11-20,2018-06-09
AB0875,Kim Balistreri,Kim,Balistreri,14,C,1994-02-08,Single,Male,33,2019-10-15,2018-10-01
AB0876,Cierra Gerlach,Cierra,Gerlach,17,C,1966-07-30,Marry,Female,34,2019-07-03,2018-04-21
AB0877,Chris Schamberger,Chris,Schamberger,19,P,1994-06-11,Marry,Female,33,2019-09-26,2018-03-26
AB0878,Bessie Strosin,Bessie,Strosin,17,C,1986-02-24,Marry,Female,43,2019-06-28,2018-10-10
AB0879,Shantelle King,Shantelle,King,14,C,1964-11-01,Marry,Male,31,2019-03-20,2018-04-01
AB0880,Fredric Beahan,Fredric,Beahan,18,C,1984-05-05,Marry,Male,39,2019-03-29,2018-05-09
AB0881,Sharika Abbott,Sharika,Abbott,20,C,1964-06-07,Marry,Male,28,2019-10-05,2018-04-20
AB0882,Minda Medhurst,Minda,Medhurst,16,P,1975-07-23,Marry,Female,30,2019-07-27,2018-03-31
AB0883,Roseline Torphy,Roseline,Torphy,18,P,1992-03-06,Single,Female,34,2019-07-09,2018-10-12
AB0884,Thalia Abbott,Thalia,Abbott,19,C,1958-07-03,Marry,Female,30,2019-07-29,2018-04-23
AB0885,Kori Watsica,Kori,Watsica,19,C,1958-06-21,Marry,Female,50,2019-06-06,2018-06-15
AB0886,Albert Kessler,Albert,Kessler,13,P,1957-04-05,Single,Male,49,2019-03-15,2018-03-13
AB0887,Ricky Padberg,Ricky,Padberg,14,P,1982-08-03,Marry,Female,42,2019-02-23,2018-07-31
AB0888,Hyman Mosciski,Hyman,Mosciski,19,C,1976-03-24,Marry,Male,32,2019-01-20,2018-02-22
AB0889,Chet Halvorson,Chet,Halvorson,13,P,1992-01-08,Single,Female,32,2019-10-12,2018-05-18
AB0890,Domenica Waelchi,Domenica,Waelchi,18,C,1988-06-28,Marry,Female,48,2019-11-02,2018-04-17
AB0891,Xiao Feest,Xiao,Feest,19,P,1980-08-18,Single,Male,43,2019-08-01,2018-10-17
AB0892,Robt Pfannerstill,Robt,Pfannerstill,18,P,1969-08-04,Marry,Male,33,2019-04-11,2018-06-29
AB0893,Adriene Bahringer,Adriene,Bahringer,13,P,1976-10-02,Marry,Female,50,2019-12-15,2018-07-13
AB0894,Sandy Tillman,Sandy,Tillman,13,P,1958-05-22,Marry,Female,49,2019-01-08,2018-03-29
AB0895,Teofila Lynch,Teofila,Lynch,16,P,1992-01-16,Single,Female,48,2019-12-12,2018-02-19
AB0896,Lizeth Marvin,Lizeth,Marvin,14,P,1979-11-03,Single,Male,29,2019-07-18,2018-11-02
AB0897,Raymonde Monahan,Raymonde,Monahan,11,P,1996-06-01,Single,Female,37,2019-07-06,2018-03-14
AB0898,Jerald Schinner,Jerald,Schinner,13,C,1971-08-27,Marry,Female,49,2019-10-24,2018-08-13
AB0899,Vanita Heidenreich,Vanita,Heidenreich,12,C,1958-02-08,Single,Female,42,2019-02-09,2018-09-12
AB0900,Jin Price,Jin,Price,14,C,1978-10-11,Single,Male,45,2019-01-10,2018-10-04
AB0901,Robert Shanahan,Robert,Shanahan,15,P,1978-05-18,Marry,Male,36,2019-08-25,2018-03-30
AB0902,Tameka Goyette,Tameka,Goyette,13,C,1977-01-24,Marry,Male,36,2019-09-29,2018-02-20
AB0903,Terina Considine,Terina,Considine,10,C,1990-12-20,Marry,Male,46,2019-11-16,2018-02-10
AB0904,Shelby Heller,Shelby,Heller,12,P,1970-09-08,Single,Female,36,2019-09-27,2018-12-25
AB0905,Wes Cummings,Wes,Cummings,11,C,1996-06-13,Marry,Male,44,2019-11-11,2018-03-26
AB0906,Heath Walsh,Heath,Walsh,19,P,1961-11-21,Single,Male,48,2019-04-15,2018-05-10
AB0907,Danna Buckridge,Danna,Buckridge,10,C,1994-06-26,Single,Female,34,2019-12-15,2018-12-02
AB0908,Scarlet Blanda,Scarlet,Blanda,17,P,1964-07-19,Marry,Male,42,2019-01-20,2018-11-09
AB0909,Jamal Wolf,Jamal,Wolf,16,P,1964-02-25,Marry,Female,44,2019-07-13,2018-09-21
AB0910,Billye Oberbrunner,Billye,Oberbrunner,14,C,1991-07-24,Marry,Female,44,2019-01-17,2018-11-18
AB0911,Bo Conn,Bo,Conn,16,C,1983-03-05,Marry,Female,37,2019-11-27,2018-09-15
AB0912,Abigail Welch,Abigail,Welch,19,C,1989-10-31,Single,Male,30,2019-02-03,2018-01-04
AB0913,Inell Ratke,Inell,Ratke,17,C,1976-04-12,Marry,Female,49,2019-11-23,2018-02-07
AB0914,Hazel Buckridge,Hazel,Buckridge,19,P,1992-10-22,Single,Male,37,2019-06-17,2018-06-30
AB0915,Vicky Murphy,Vicky,Murphy,12,P,1975-05-12,Single,Female,36,2019-06-09,2018-10-14
AB0916,Elwood Schaden,Elwood,Schaden,13,P,1993-10-19,Marry,Female,33,2019-10-07,2018-10-18
AB0917,Carola Labadie,Carola,Labadie,15,C,1958-05-04,Marry,Female,43,2019-04-09,2018-07-10
AB0918,Emory Kemmer,Emory,Kemmer,18,C,1975-11-02,Single,Male,46,2019-04-13,2018-10-06
AB0919,Millard Runolfsdottir,Millard,Runolfsdottir,13,P,1990-02-03,Marry,Female,49,2019-11-13,2018-04-15
AB0920,Garry Smith,Garry,Smith,10,P,1964-11-11,Marry,Female,44,2019-03-20,2018-04-30
AB0921,Fatima Russel,Fatima,Russel,12,P,1991-02-11,Single,Female,39,2019-10-17,2018-02-03
AB0922,Shizuko Becker,Shizuko,Becker,16,C,1978-07-23,Marry,Male,43,2019-05-19,2018-06-28
AB0923,Genaro Fay,Genaro,Fay,18,C,1966-06-29,Marry,Female,32,2019-06-13,2018-12-25
AB0924,Asia Nikolaus,Asia,Nikolaus,11,P,1957-02-12,Marry,Male,40,2019-06-07,2018-02-09
AB0925,Joanie Steuber,Joanie,Steuber,13,C,1977-09-10,Marry,Male,34,2019-01-05,2018-07-25
AB0926,Karie Abernathy,Karie,Abernathy,13,C,1960-03-05,Marry,Male,42,2019-02-01,2018-06-12
AB0927,Katharyn Hansen,Katharyn,Hansen,18,C,1992-04-19,Marry,Female,49,2019-04-05,2018-05-12
AB0928,Oscar Pollich,Oscar,Pollich,12,C,1957-07-16,Single,Female,33,2019-08-31,2018-01-28
AB0929,Pamela Kreiger,Pamela,Kreiger,11,P,1972-01-31,Single,Female,44,2019-01-07,2018-10-29
AB0930,Anisa Padberg,Anisa,Padberg,17,C,1974-08-26,Marry,Male,28,2019-09-15,2018-08-03
AB0931,Brent Hodkiewicz,Brent,Hodkiewicz,10,P,1965-04-01,Marry,Male,33,2019-11-13,2018-08-03
AB0932,Bobbie Armstrong,Bobbie,Armstrong,11,C,1965-02-05,Marry,Female,49,2019-10-05,2018-03-09
AB0933,Evangelina Goodwin,Evangelina,Goodwin,15,C,1968-10-25,Marry,Female,34,2019-07-18,2018-03-29
AB0934,Patrick Schultz,Patrick,Schultz,13,C,1977-12-26,Marry,Male,40,2019-03-18,2018-09-06
AB0935,Mirella Dietrich,Mirella,Dietrich,12,P,1987-05-22,Single,Male,43,2019-04-20,2018-11-22
AB0936,Dia Schultz,Dia,Schultz,16,P,1968-04-07,Marry,Female,47,2019-06-28,2018-12-20
AB0937,Kayla Grady,Kayla,Grady,19,P,1977-12-30,Marry,Female,29,2019-04-25,2018-04-14
AB0938,Erline Howe,Erline,Howe,20,P,1985-10-26,Marry,Male,45,2019-11-26,2018-04-19
AB0939,Velda Langworth,Velda,Langworth,11,P,1961-04-04,Marry,Male,39,2019-01-30,2018-12-12
AB0940,Yuri Johnston,Yuri,Johnston,19,C,1964-09-03,Marry,Female,33,2019-04-13,2018-03-19
AB0941,Tamica Koch,Tamica,Koch,14,C,1973-01-20,Marry,Female,43,2019-01-05,2018-11-04
AB0942,Janise O'Hara,Janise,O'Hara,10,C,1994-02-15,Marry,Female,35,2019-02-21,2018-12-28
AB0943,Latrisha Sipes,Latrisha,Sipes,19,C,1975-02-19,Single,Male,38,2019-02-20,2018-10-05
AB0944,Jani Ratke,Jani,Ratke,14,P,1979-05-14,Single,Male,48,2019-07-24,2018-11-02
AB0945,Mason Schmitt,Mason,Schmitt,14,P,1964-12-16,Single,Female,32,2019-08-10,2018-05-29
AB0946,Gene Sauer,Gene,Sauer,14,C,1992-02-08,Marry,Male,37,2019-06-04,2018-01-11
AB0947,Deshawn Huel,Deshawn,Huel,20,C,1984-02-11,Marry,Male,45,2019-04-03,2018-08-13
AB0948,Darren Lueilwitz,Darren,Lueilwitz,14,P,1957-03-26,Single,Female,36,2019-11-21,2018-08-16
AB0949,Season Heidenreich,Season,Heidenreich,16,P,1979-07-09,Single,Female,27,2019-07-04,2018-03-18
AB0950,Tyree Huels,Tyree,Huels,16,P,1978-10-18,Single,Male,39,2019-12-15,2018-09-08
AB0951,Olen Monahan,Olen,Monahan,10,C,1985-04-14,Marry,Female,34,2019-04-25,2018-09-28
AB0952,Ossie Stokes,Ossie,Stokes,12,P,1979-12-11,Marry,Male,43,2019-02-09,2018-05-25
AB0953,Leigh Hickle,Leigh,Hickle,16,C,1982-06-23,Single,Male,48,2019-06-10,2018-01-15
AB0954,Minh D'Amore,Minh,D'Amore,18,C,1982-07-01,Marry,Female,36,2019-09-15,2018-09-06
AB0955,Cathie Nader,Cathie,Nader,20,C,1994-06-13,Single,Male,35,2019-12-03,2018-03-08
AB0956,Madelene Collins,Madelene,Collins,19,P,1957-10-03,Single,Male,33,2019-06-03,2018-03-05
AB0957,Fernande Gerhold,Fernande,Gerhold,20,C,1984-03-28,Marry,Female,43,2019-07-23,2018-06-14
AB0958,Beata Champlin,Beata,Champlin,20,P,1963-12-11,Single,Female,34,2019-11-23,2018-03-17
AB0959,Russell Brown,Russell,Brown,19,P,1990-02-25,Single,Female,49,2019-01-22,2018-05-08
AB0960,Roni Mueller,Roni,Mueller,20,C,1957-03-10,Single,Female,35,2019-04-05,2018-05-20
AB0961,Tracie Kuhn,Tracie,Kuhn,10,C,1963-07-07,Single,Female,48,2019-08-04,2018-04-20
AB0962,Porsche Luettgen,Porsche,Luettgen,17,P,1971-03-31,Marry,Male,37,2019-11-14,2018-02-28
AB0963,Jimmie DuBuque,Jimmie,DuBuque,14,P,1989-06-08,Marry,Female,42,2019-03-18,2018-03-05
AB0964,Brad Zboncak,Brad,Zboncak,11,C,1989-04-27,Single,Female,33,2019-06-11,2018-12-30
AB0965,Marty Rau,Marty,Rau,11,C,1991-10-22,Single,Female,42,2019-03-04,2018-10-10
AB0966,Valentine Auer,Valentine,Auer,20,P,1969-07-03,Single,Male,39,2019-05-08,2018-06-25
AB0967,Miles Parisian,Miles,Parisian,14,P,1963-08-15,Single,Male,44,2019-04-12,2018-10-26
AB0968,Billie Lebsack,Billie,Lebsack,16,P,1989-08-21,Single,Male,37,2019-10-07,2018-09-01
AB0969,Exie Hayes,Exie,Hayes,12,P,1979-05-11,Marry,Female,46,2019-11-06,2018-11-08
AB0970,Vania Watsica,Vania,Watsica,15,P,1976-11-25,Marry,Male,39,2019-05-10,2018-11-25
AB0971,Johnie Wuckert,Johnie,Wuckert,15,P,1992-08-02,Single,Female,27,2019-07-04,2018-09-13
AB0972,Marvin Schimmel,Marvin,Schimmel,18,C,1984-03-17,Marry,Male,34,2019-10-28,2018-10-25
AB0973,Ashley Spinka,Ashley,Spinka,19,C,1984-03-06,Marry,Male,27,2019-10-16,2018-08-10
AB0974,Leonor Schowalter,Leonor,Schowalter,11,P,1986-09-06,Marry,Male,32,2019-01-15,2018-09-13
AB0975,Rudolf Kohler,Rudolf,Kohler,20,P,1992-02-17,Marry,Female,27,2019-03-02,2018-09-07
AB0976,Edie Blick,Edie,Blick,19,C,1989-08-02,Marry,Male,40,2019-07-11,2018-05-10
AB0977,Margorie Towne,Margorie,Towne,16,P,1964-12-01,Marry,Female,43,2019-09-17,2018-01-22
AB0978,Leigh Graham,Leigh,Graham,10,P,1972-07-09,Single,Male,27,2019-10-30,2018-06-30
AB0979,Beth Rolfson,Beth,Rolfson,20,C,1963-08-02,Single,Male,50,2019-11-21,2018-10-02
AB0980,Josie Braun,Josie,Braun,17,C,1984-01-10,Marry,Male,36,2019-08-28,2018-04-03
AB0981,Alfred Emmerich,Alfred,Emmerich,13,P,1962-05-21,Marry,Female,45,2019-12-13,2018-03-03
AB0982,Randy Padberg,Randy,Padberg,13,C,1972-10-29,Single,Male,28,2019-09-12,2018-10-06
AB0983,Oma Langosh,Oma,Langosh,20,C,1993-02-22,Single,Male,30,2019-01-05,2018-09-07
AB0984,Elisha Schultz,Elisha,Schultz,12,P,1994-10-20,Single,Male,37,2019-09-18,2018-07-19
AB0985,Susy Kuhn,Susy,Kuhn,10,P,1980-05-27,Single,Female,40,2019-10-10,2018-04-13
AB0986,Carmina Stark,Carmina,Stark,16,C,1958-03-25,Single,Male,32,2019-06-20,2018-04-15
AB0987,Sang Thompson,Sang,Thompson,20,P,1974-03-05,Marry,Male,34,2019-11-20,2018-09-02
AB0988,Freida Douglas,Freida,Douglas,15,C,1988-03-05,Marry,Male,45,2019-10-30,2018-03-19
AB0989,Alex Stamm,Alex,Stamm,11,C,1991-12-13,Single,Female,30,2019-03-26,2018-02-01
AB0990,Jan Turcotte,Jan,Turcotte,19,P,1961-05-11,Marry,Male,36,2019-03-30,2018-06-24
AB0991,Katy Quigley,Katy,Quigley,14,P,1984-03-08,Marry,Female,46,2019-05-23,2018-08-31
AB0992,Neta Zulauf,Neta,Zulauf,15,C,1990-07-24,Single,Male,38,2019-05-21,2018-05-02
AB0993,Jermaine Shanahan,Jermaine,Shanahan,15,P,1957-06-20,Marry,Female,30,2019-07-03,2018-07-21
AB0994,Jeri Bogan,Jeri,Bogan,10,P,1982-06-06,Marry,Female,38,2019-06-28,2018-10-10
AB0995,Arlene Waelchi,Arlene,Waelchi,20,C,1972-06-26,Single,Male,44,2019-02-20,2018-09-27
AB0996,Tyson Weissnat,Tyson,Weissnat,20,C,1979-12-13,Single,Male,30,2019-09-26,2018-09-18
AB0997,America Muller,America,Muller,15,C,1988-05-25,Marry,Female,49,2019-09-26,2018-03-29
AB0998,Joyce Abernathy,Joyce,Abernathy,19,C,1959-09-15,Single,Male,32,2019-12-19,2018-09-25
AB0999,Deidre Ward,Deidre,Ward,15,P,1991-03-07,Marry,Female,45,2019-08-20,2018-04-02
AB1000,Teddy Breitenberg,Teddy,Breitenberg,10,P,1983-11-18,Marry,Male,41,2019-11-09,2018-08-27
